N,P,K,temperature,humidity,ph,rainfall,wind_speed,soil_moisture,crop_type,yield_index
24.0,20.0,27.0,31.4,49.6,6.06,94.4,14.7,51.8,mango,94.7
132.0,103.0,205,8,14,8.76,257.9,5.5,36.4,jute,25.8
0,5,21.0,42.0,23.1,8.82,36.4,13.5,59.7,maize,40.7
44.0,25.0,75.0,27.0,71.8,7.07,98.2,16.4,19.9,watermelon,53.6
44.0,54.0,77.0,19.2,98.5,7.9,300,6.7,49.6,rice,57.7
53.0,34.0,46.0,32.6,93.1,7.59,300,12.1,49.9,jute,55.0
29.0,75.0,76.0,19.8,18.2,7.07,63.6,8.0,52.5,chickpea,97.1
0,145,17.0,8,100,4.13,23.9,13.1,64.4,lentil,38.5
55.0,32.0,41.0,25.9,100,7.73,10,14.8,51.0,muskmelon,53.5
21.0,9.0,16.0,17.4,76.6,5.88,172.3,6.8,79.6,orange,46.2
79.0,39.0,42.0,23.7,80.7,6.5,244.5,9.1,56.0,rice,97.0
135.0,145,198.0,39.8,95.1,8.7,12.7,8.7,52.0,lentil,21.8
22.0,23.0,42.0,32.4,81.8,5.34,29.4,7.9,43.4,coconut,57.1
15.0,91.0,48.0,38.1,100,7.58,55.1,14.8,66.6,papaya,49.8
29.0,67.0,19.0,31.1,60.3,6.69,10,8.1,39.4,pigeonpeas,71.7
21.0,14.0,23.0,27.6,93.3,5.81,177.7,10.4,43.8,coconut,92.6
17.0,5,20.0,11.5,93.3,8.54,250.7,17.0,53.6,watermelon,31.1
39.0,62.0,20.0,29.4,64.3,7.1,55.9,11.3,15.6,blackgram,94.8
39.0,52.0,41.0,33.5,90.2,6.59,128.3,9.5,59.0,papaya,94.7
106.0,18.0,49.0,28.9,93.7,6.1,26.6,7.7,57.3,muskmelon,94.3
6.0,12.0,177.0,42.0,18.1,8.68,10,16.0,28.5,watermelon,31.3
113.0,60.0,24.0,22.7,58.3,7.85,148.3,19.4,30.6,jute,55.3
139.0,5,5,8.8,94.8,8.63,10,11.1,67.2,banana,26.5
70.0,26.0,91.0,28.3,100,6.04,278.2,15.9,70.9,papaya,39.2
38.0,126.0,188.0,38.7,16.9,8.91,280.8,15.1,42.8,kidneybeans,28.8
107.0,141.0,201.0,44,15.2,8.49,10,21.2,43.7,jute,27.3
36.0,66.0,32.0,29.2,65.5,7.1,78.9,4.0,45.6,blackgram,90.0
132.0,145,205,8,18.9,4.49,300,14.3,44.2,maize,27.8
22.0,13.0,40.0,20.2,100,4.72,230.9,15.9,46.3,coconut,70.7
40.0,12.0,43.0,31.9,100,7.53,237.8,10.3,46.2,coconut,55.6
38.0,127.0,33.0,8.5,20.0,4.02,280.4,11.2,42.7,mango,28.7
26.0,33.0,22.0,30.0,49.9,5.99,81.9,9.7,57.1,mango,95.7
76.0,51.0,23.0,24.7,64.5,6.58,79.8,10.5,37.3,maize,92.9
68.0,46.0,18.0,31.7,58.6,4.97,31.8,7.8,38.5,banana,39.6
127.0,5,5,12.6,19.0,4.16,34.6,13.4,69.7,coffee,30.4
18.0,145,205,24.5,82.6,6.16,74.9,12.4,37.3,grapes,93.8
23.0,75.0,13.0,19.6,19.9,5.64,107.7,6.1,46.8,kidneybeans,90.2
28.0,123.0,199.0,22.7,79.8,6.29,72.8,9.7,49.9,grapes,92.5
21.0,145,196.0,21.9,92.1,5.48,113.9,11.2,45.3,apple,98
42.0,71.0,73.0,18.7,19.1,7.4,72.3,6.3,43.1,chickpea,96.5
24.0,51.0,7.0,27.0,48.3,8.17,22.5,18.3,25.6,blackgram,54.6
35.0,98.0,5,38.2,46.7,6.28,112.5,23.3,28.9,blackgram,40.6
24.0,43.0,15.0,29.0,84.5,6.73,40.3,12.8,23.3,mungbean,95.9
25.0,80.0,26.0,24.8,66.1,6.82,52.7,13.6,58.2,lentil,97.0
140,141.0,5,38.7,99.6,3.9,10,12.9,49.2,cotton,32.5
59.0,15.0,44.0,32.4,46.1,6.02,45.3,4.0,44.8,coffee,35.4
12.0,6.0,11.0,26.6,100,8.15,190.0,6.6,37.9,orange,59.0
27.0,45.0,20.0,30.4,85.5,6.7,45.5,8.3,47.3,mungbean,96.4
78.0,49.0,42.0,24.6,81.1,6.8,197.2,12.3,19.0,jute,92.2
84.0,71.0,48.0,27.7,80.7,6.18,112.3,10.0,56.3,banana,98
140,13.0,70.0,23.3,82.1,5.68,10,13.4,30.0,muskmelon,49.9
116.0,16.0,42.0,27.9,93.8,6.38,19.4,10.5,30.7,muskmelon,96.2
99.0,47.0,21.0,20.8,75.3,6.23,22.5,18.8,35.3,coffee,49.1
140,36.0,17.0,29.0,65.2,7.86,10,8.9,47.7,cotton,72.7
35.0,60.0,35.0,32.6,27.9,7.04,75.6,12.2,39.8,pigeonpeas,50.4
140,5,205,41.0,87.8,8.12,289.6,18.1,41.5,mungbean,27.3
90.0,47.0,19.0,21.5,64.5,6.46,94.8,18.6,47.1,maize,93.8
32.0,63.0,80.0,22.0,65.8,5.56,159.4,11.8,34.5,banana,47.3
19.0,65.0,20.0,28.0,47.6,5.9,148.4,15.2,46.3,pigeonpeas,94.8
77.0,38.0,36.0,20.3,44.3,7.96,288.8,23.2,44.2,coffee,52.4
102.0,46.0,22.0,23.6,79.8,6.71,72.2,17.0,74.9,cotton,90.9
53.0,60.0,25.0,29.3,64.9,6.94,68.7,4.2,47.5,blackgram,89.9
0.0,21.0,185.0,41.8,17.1,3.75,10,2.9,54.7,pigeonpeas,21.0
18.0,81.0,16.0,33.1,29.5,5.91,84.4,14.4,38.5,pigeonpeas,72.4
6.0,24.0,42.0,32.1,75.4,7.93,29.6,14.7,41.8,lentil,36.0
22.0,145,126.0,17.8,100,5.18,163.4,12.6,25.5,apple,64.0
105.0,67.0,53.0,28.3,82.2,6.05,100.1,9.2,36.4,banana,94.7
19.0,12.0,39.0,22.7,93.9,5.82,111.0,8.8,71.7,pomegranate,92.1
4.0,38.0,30.0,33.1,69.1,8.01,84.9,13.0,57.5,mothbeans,51.3
16.0,44.0,20.0,29.2,52.7,6.74,51.7,20.9,62.0,mothbeans,95.6
14.0,103.0,18.0,30.6,21.6,4.46,273.1,10.2,43.3,pigeonpeas,56.1
14.0,145,205,8,99.0,3.52,300,10.5,37.3,pomegranate,42.2
3.0,145,150.0,27.9,100,7.04,15.8,15.5,54.4,apple,45.8
27.0,65.0,23.0,28.2,50.3,5.69,126.8,9.3,50.3,pigeonpeas,93.7
0,11.0,27.0,42.6,100,8.64,10,17.6,48.9,coconut,52.5
25.0,66.0,18.0,17.6,23.9,5.98,105.1,17.9,44.7,kidneybeans,93.3
16.0,134.0,195.0,8,99.4,8.85,280.5,9.1,76.4,pigeonpeas,31.3
67.0,40.0,5,23.2,80.1,7.35,137.9,18.0,49.2,blackgram,41.5
37.0,80.0,205,21.0,97.4,6.44,127.2,18.6,53.1,grapes,52.8
140,8.0,27.0,19.3,100,6.3,10,15.4,85.7,muskmelon,51.3
122.0,11.0,5,39.2,94.8,8.33,248.3,14.2,47.1,papaya,32.6
63.0,9.0,61.0,28.8,76.1,7.71,52.1,12.8,58.9,muskmelon,54.5
22.0,29.0,36.0,30.7,47.7,5.95,94.5,9.4,56.6,mango,93.7
140,55.0,11.0,33.9,94.2,6.33,153.8,14.9,48.8,cotton,62.0
43.0,8.0,71.0,33.2,100,6.95,40.7,17.5,38.4,muskmelon,54.4
22.0,145,204.0,22.0,91.3,5.6,90.9,9.9,57.1,apple,98
140,13.0,72.0,35.6,75.8,5.33,25.3,9.0,55.5,muskmelon,49.3
4.0,131.0,33.0,40.6,14,8.22,10,13.7,37.9,mothbeans,29.0
17.0,67.0,15.0,26.9,52.4,5.68,154.1,11.3,62.9,pigeonpeas,93.6
66.0,32.0,69.0,37.4,100,5.23,37.6,4.5,34.9,muskmelon,45.6
92.0,59.0,35.0,28.4,92.3,7.59,114.1,9.9,30.9,cotton,74.1
113.0,5,186.0,11.9,86.9,8.88,300,7.4,35.2,jute,29.5
23.0,20.0,11.0,21.9,91.6,6.87,116.7,14.9,54.2,orange,97.3
35.0,73.0,72.0,17.4,16.9,7.78,77.9,11.7,32.5,chickpea,97.1
10.0,5,5,42.0,14,8.35,300,19.3,37.0,maize,23.2
44.0,14.0,8.0,19.5,66.5,7.32,300,13.6,30.7,rice,57.9
10.0,27.0,32.0,33.3,100,7.23,20.5,12.6,58.4,mungbean,61.7
19.0,24.0,42.0,21.1,90.4,6.0,121.3,3.3,59.8,pomegranate,98
48.0,73.0,84.0,20.9,18.2,7.46,72.5,19.3,52.3,chickpea,94.2
17.0,17.0,29.0,27.9,95.7,6.05,159.5,16.5,61.3,coconut,92.1
3.0,19.0,194.0,10.6,14.3,4.19,10,16.8,60.1,pigeonpeas,24.5
41.0,46.0,132.0,13.8,14,7.88,36.8,20.0,66.6,chickpea,72.8
44.0,145,17.0,40.2,14,3.71,14.6,11.0,53.1,grapes,33.0
36.0,74.0,22.0,28.4,65.9,7.44,85.2,13.4,56.8,blackgram,96.7
123.0,122.0,15.0,42.9,100,4.06,44.2,19.7,46.7,coconut,34.7
0,145,191.0,12.0,100,8.84,10,11.2,23.5,cotton,20.7
102.0,48.0,12.0,25.0,80.1,6.79,65.7,12.8,46.3,cotton,94.5
79.0,42.0,33.0,23.8,81.0,6.82,192.0,9.5,61.0,jute,94.1
102.0,78.0,59.0,27.8,77.0,5.92,91.0,10.2,36.0,banana,92.4
26.0,15.0,8.0,22.8,90.0,7.01,115.2,6.4,46.8,orange,95.4
2.0,39.0,29.0,21.8,35.0,6.44,25.5,2,69.6,chickpea,40.0
97.0,145,5,42.5,90.6,3.99,10,13.0,70.9,chickpea,19.5
32.0,26.0,40.0,36.2,70.0,7.43,138.7,14.2,50.5,mango,51.5
22.0,61.0,14.0,24.8,65.4,6.95,39.4,3.6,19.3,lentil,95.6
69.0,41.0,19.0,23.9,68.2,6.25,84.6,13.6,31.9,maize,95.3
33.0,145,205,9.3,98.6,8.92,25.0,11.2,75.5,banana,19.6
72.0,143.0,205.0,12.6,91.8,8.55,300,5.4,42.7,chickpea,25.3
125.0,82.0,46.0,28.4,78.5,5.91,114.8,12.0,60.0,banana,95.3
66.0,95.0,74.0,39.3,100,5.47,48.8,10.8,73.4,papaya,41.5
140,120.0,5,39.7,14,8.43,266.9,24.0,48.5,orange,32.1
87.0,44.0,41.0,25.0,79.5,6.53,199.8,16.6,56.6,jute,96.1
66.0,16.0,48.0,26.7,86.6,6.53,61.2,12.4,40.6,watermelon,89.4
32.0,72.0,24.0,29.2,67.2,7.23,77.5,15.5,67.7,blackgram,95.8
140,122.0,89.0,22.7,98.8,6.54,18.7,16.6,35.0,banana,40.7
96.0,81.0,48.0,28.0,86.5,6.08,93.9,19.0,73.7,banana,91.0
19.0,40.0,18.0,26.6,79.4,6.72,52.0,24.4,48.8,mungbean,95.1
113.0,29.0,21.0,25.9,55.3,6.53,173.6,20.8,40.4,coffee,90.7
103.0,96.0,57.0,29.0,82.5,5.82,106.5,12.0,38.1,banana,94.8
0,14.0,205,9.3,17.5,8.13,285.5,14.4,52.7,maize,25.9
136.0,45.0,42.0,19.1,80.1,7.08,59.8,9.4,64.1,coffee,42.8
24.0,55.0,12.0,15.1,14,6.13,155.7,8.4,58.5,kidneybeans,86.2
23.0,72.0,17.0,27.3,49.5,6.03,170.5,15.2,61.9,pigeonpeas,98
20.0,72.0,22.0,19.2,23.7,5.84,84.2,14.3,36.8,kidneybeans,95.1
63.0,69.0,38.0,21.3,63.5,7.86,144.8,15.2,61.5,cotton,45.0
57.0,5,5,24.4,75.2,5.26,46.7,14.0,38.5,muskmelon,25.8
20.0,132.0,192.0,22.6,92.3,5.76,107.8,8.0,81.1,apple,93.3
19.0,45.0,19.0,25.7,51.0,7.11,52.6,15.1,64.2,mothbeans,94.8
140,142.0,205,44,96.9,8.56,58.5,3.4,40.8,watermelon,38.0
53.0,48.0,30.0,25.8,73.6,7.85,20.3,14.5,45.9,blackgram,69.3
133.0,18.0,205,44,100,8.74,22.0,5.1,43.0,kidneybeans,20.1
12.0,71.0,25.0,24.3,81.1,5.48,96.5,10.8,53.1,mothbeans,45.6
16.0,48.0,20.0,28.9,85.0,6.52,51.3,3.0,51.2,mungbean,95.8
28.0,145,205,24.4,82.9,6.21,64.4,13.4,56.5,grapes,93.4
33.0,86.0,37.0,17.5,83.6,7.72,77.3,5.8,31.5,lentil,41.3
14.0,5,25.0,41.4,14,4.16,244.7,20.3,39.3,lentil,40.9
25.0,23.0,38.0,20.2,91.6,6.19,98.2,12.1,12.5,pomegranate,92.3
13.0,85.0,25.0,9.6,14,4.59,234.2,16.1,50.6,kidneybeans,60.3
19.0,69.0,17.0,24.4,64.2,6.91,40.8,10.0,49.2,lentil,93.3
0.0,33.0,205,41.8,14,3.95,10,15.8,41.9,mothbeans,29.6
58.0,13.0,5,19.2,72.3,7.84,92.0,9.6,50.7,coffee,32.7
80.0,5,43.0,21.0,47.5,6.22,279.2,8.4,49.6,coffee,45.0
9.0,25.0,31.0,24.6,69.2,6.72,95.8,13.2,51.8,mungbean,55.7
89.0,47.0,42.0,23.6,83.1,6.38,249.4,11.1,62.4,rice,96.3
84.0,39.0,27.0,23.2,80.4,6.58,247.6,5.9,62.7,rice,92.5
13.0,107.0,97.0,22.6,100,5.97,28.3,6.4,65.9,apple,58.4
20.0,67.0,15.0,25.3,66.9,7.03,42.9,21.1,56.5,lentil,97.8
130.0,5,205,44,17.0,8.54,10,18.5,46.0,cotton,31.6
89.0,87.0,38.0,32.8,100,6.85,170.5,13.1,79.2,banana,60.7
52.0,75.0,23.0,29.1,64.0,7.28,79.5,17.6,51.0,blackgram,93.2
1.0,5,31.0,9.6,100,3.53,278.7,10.1,49.8,blackgram,24.1
38.0,11.0,50.0,25.1,35.4,6.36,13.3,9.7,33.9,mango,40.4
127.0,53.0,13.0,17.0,41.8,5.9,32.7,11.3,35.5,maize,72.6
140,128.0,35.0,41.2,100,8.24,242.9,13.6,39.7,watermelon,30.5
31.0,7.0,25.0,20.1,78.9,5.15,38.8,9.2,35.8,pomegranate,47.2
13.0,70.0,17.0,18.8,20.3,5.83,97.4,4.0,40.1,kidneybeans,94.5
56.0,20.0,40.0,26.6,79.7,5.53,10,12.5,33.6,muskmelon,61.7
21.0,15.0,32.0,26.5,95.2,5.61,180.1,2,36.5,coconut,95.9
19.0,136.0,205,43.1,14.8,8.58,10,13.3,48.1,banana,21.9
32.0,66.0,15.0,28.8,54.9,7.27,132.8,12.2,49.9,maize,80.2
48.0,145,179.0,11.7,100,3.89,279.9,17.1,25.5,jute,34.4
96.0,93.0,46.0,28.9,80.9,5.94,118.7,9.5,43.5,banana,93.7
33.0,42.0,21.0,24.4,28.6,5.19,129.7,10.7,29.3,mango,54.1
17.0,28.0,28.0,30.1,48.4,5.91,88.4,11.0,29.1,mango,92.7
60.0,62.0,49.0,33.6,96.9,6.91,125.5,19.3,47.5,papaya,93.7
40.0,9.0,17.0,17.7,41.3,6.01,43.7,10.9,78.4,lentil,46.3
15.0,145,168.0,10.8,14,4.09,300,14.3,46.0,jute,16.8
19.0,51.0,22.0,27.8,84.4,6.71,61.7,19.0,31.3,mungbean,98.0
18.0,5,187.0,41.5,15.1,4.54,16.1,23.7,51.5,coconut,35.5
135.0,5,15.0,8.2,91.8,3.91,290.5,16.3,52.9,muskmelon,39.4
7.0,15.0,8.0,11.1,14,8.51,257.0,10.7,62.5,coconut,30.9
0,5,201.0,12.7,14,7.96,75.3,6.4,67.1,coffee,24.2
45.0,69.0,205,20.6,63.2,6.19,140.4,8.1,31.1,grapes,50.8
25.0,16.0,38.0,28.1,94.7,6.15,185.9,15.5,24.6,coconut,98
37.0,5,15.0,9.2,14,8.28,10,3.3,47.4,kidneybeans,41.0
46.0,103.0,39.0,14.6,14,6.1,145.4,11.0,52.9,chickpea,50.3
38.0,39.0,23.0,23.8,69.2,6.95,202.3,11.9,38.9,pigeonpeas,56.0
59.0,48.0,52.0,33.5,91.8,6.61,153.1,20.4,63.5,papaya,96.7
140,17.0,5,8.6,95.4,4.01,279.6,18.9,48.2,kidneybeans,23.9
31.0,15.0,182.0,9.4,14,8.62,297.5,19.3,33.6,cotton,18.1
23.0,75.0,20.0,27.2,47.1,5.76,146.8,11.6,52.0,pigeonpeas,96.3
25.0,19.0,30.0,27.7,93.9,6.23,161.1,18.3,39.1,coconut,95.7
58.0,62.0,7.0,28.9,62.3,6.92,63.1,11.4,69.4,blackgram,79.7
23.0,17.0,34.0,27.2,53.7,6.45,156.4,15.3,49.9,maize,63.8
5.0,15.0,7.0,18.0,85.6,6.37,164.9,11.9,41.3,orange,63.6
14.0,19.0,6.0,26.9,100,7.04,175.8,8.4,53.8,orange,75.6
62.0,5,38.0,20.3,100,7.44,29.0,11.9,29.3,muskmelon,53.6
108.0,35.0,24.0,27.0,80.5,6.64,164.7,19.8,61.6,maize,85.1
79.0,42.0,34.0,23.9,81.7,6.72,187.5,19.1,64.2,jute,91.1
133.0,145,8.0,11.0,14.0,3.94,37.7,21.8,34.8,chickpea,36.9
17.0,10.0,11.0,28.1,73.4,7.46,74.7,15.7,59.1,orange,74.6
0,5,205,10.5,100,4.39,18.0,10.2,56.7,jute,22.6
82.0,44.0,43.0,23.8,80.3,6.75,249.9,11.2,40.4,rice,93.4
28.0,90.0,6.0,21.9,81.2,5.98,69.7,17.4,55.7,lentil,55.3
16.0,16.0,50.0,22.8,87.8,5.97,108.2,16.9,41.0,pomegranate,89.1
14.0,95.0,10.0,13.0,35.9,6.37,22.2,15.4,53.8,kidneybeans,52.7
33.0,75.0,25.0,30.0,63.3,7.2,79.0,17.5,42.9,blackgram,94.7
17.0,20.0,40.0,22.1,88.8,5.84,91.6,18.4,66.3,pomegranate,94.9
25.0,132.0,184.0,25.0,83.8,6.09,51.6,19.7,38.3,grapes,98
97.0,24.0,34.0,26.0,61.2,6.86,166.0,19.3,60.4,coffee,92.1
0,145,5,10.5,14.0,8.62,25.7,15.1,61.1,rice,18.4
140,5,5,10.2,20.5,8.53,10,12.9,45.5,mungbean,25.0
34.0,145,169.0,14.6,75.4,6.76,13.7,13.8,13.0,apple,45.3
47.0,61.0,55.0,33.9,94.5,6.81,146.2,12.9,48.0,papaya,95.0
21.0,132.0,167.0,25.0,80.1,6.31,69.5,12.7,64.8,grapes,96.6
101.0,75.0,53.0,26.5,78.8,5.78,123.8,10.4,40.9,banana,96.5
13.0,19.0,8.0,23.6,91.1,7.41,122.3,13.7,38.1,orange,92.4
28.0,41.0,33.0,26.6,76.0,8.35,116.0,12.4,51.2,blackgram,55.7
92.0,18.0,46.0,26.0,86.3,6.29,47.5,9.5,48.0,watermelon,92.5
140,145,5,39.6,16.3,3.96,280.6,11.1,48.3,kidneybeans,32.0
0,31.0,63.0,34.4,70.4,7.28,20.7,8.0,54.4,mango,43.0
22.0,63.0,20.0,20.3,20.2,5.88,104.5,7.3,13.7,kidneybeans,96.5
140,37.0,31.0,31.2,65.9,7.06,157.0,11.0,53.7,banana,45.6
18.0,18.0,12.0,21.9,93.3,7.02,84.5,12.1,62.0,orange,95.0
22.0,67.0,18.0,26.1,64.4,6.57,48.3,10.5,46.7,lentil,96.3
26.0,16.0,22.0,27.6,94.2,5.8,183.2,13.6,46.4,coconut,96.8
21.0,5,192.0,9.9,94.3,3.85,281.2,14.4,51.5,kidneybeans,32.4
137.0,145.0,11.0,42.8,98.6,4.09,282.2,15.2,54.5,papaya,26.6
9.0,145,83.0,31.4,69.1,5.18,121.3,18.8,66.0,grapes,34.7
100.0,18.0,47.0,28.0,92.8,6.56,33.6,15.9,53.7,muskmelon,96.5
23.0,42.0,16.0,28.3,87.4,6.77,39.4,11.6,34.2,mungbean,96.7
19.0,114.0,202.0,21.4,92.0,6.29,115.2,9.8,51.3,apple,95.4
24.0,70.0,18.0,27.9,51.6,5.66,140.1,25.1,62.3,pigeonpeas,92.4
140,38.0,23.0,18.5,66.5,7.59,140.2,17.1,62.8,cotton,70.6
39.0,31.0,42.0,23.1,80.4,5.34,300,12.1,47.2,coconut,37.6
18.0,124.0,199.0,24.5,81.1,6.23,86.3,21.7,86.3,grapes,94.1
42.0,66.0,58.0,34.0,92.3,6.71,147.4,3.3,46.7,papaya,98
47.0,74.0,83.0,17.8,16.9,7.19,90.1,13.8,11.4,chickpea,94.3
117.0,5,195.0,38.1,97.6,8.85,10,7.9,61.5,coffee,27.9
140,132.0,19.0,40.0,100,3.72,298.0,13.5,32.0,grapes,30.1
96.0,110.0,205,42.7,14,8.66,10,17.6,36.0,mango,19.2
18.0,17.0,45.0,21.2,90.9,6.01,110.7,22.1,33.2,pomegranate,93.8
43.0,36.0,61.0,31.6,62.8,7.15,217.4,26.5,65.9,jute,60.5
27.0,76.0,76.0,40.7,100,5.42,10.2,10.3,56.2,papaya,42.3
25.0,63.0,113.0,16.7,100,7.12,207.3,13.8,41.4,apple,37.8
53.0,9.0,9.0,19.2,70.1,6.49,79.1,18.7,47.0,watermelon,43.5
20.0,87.0,130.0,18.2,100,7.02,24.0,7.2,33.4,apple,49.5
113.0,19.0,49.0,25.5,85.6,6.51,45.4,9.4,50.4,watermelon,95.4
68.0,46.0,40.0,22.6,81.6,6.46,228.0,8.2,38.6,rice,98
140,70.0,7.0,28.6,95.8,6.0,118.3,8.5,66.1,cotton,55.1
38.0,67.0,24.0,29.3,67.7,7.05,67.1,20.8,48.9,blackgram,97.3
21.0,5,5,8,14,8.74,279.3,3.3,46.2,blackgram,29.2
124.0,136.0,202.0,42.3,14,3.88,39.5,16.1,65.2,chickpea,35.6
87.0,67.0,52.0,27.2,83.3,5.87,114.5,14.1,29.7,banana,93.1
39.0,5,205,41.6,95.5,8.3,10,8.7,32.0,banana,22.3
90.0,59.0,24.0,23.0,64.4,6.08,73.1,14.7,43.1,maize,94.5
21.0,124.0,186.0,22.5,91.9,6.24,91.0,18.8,11.4,apple,93.6
84.0,75.0,32.0,26.4,48.1,6.43,43.1,7.1,53.1,maize,76.0
17.0,23.0,32.0,22.1,90.5,6.06,106.5,10.9,21.7,pomegranate,94.2
54.0,34.0,16.0,32.4,84.4,7.35,101.2,8.4,49.4,blackgram,67.8
26.0,60.0,24.0,26.3,97.9,7.86,72.5,2,43.4,mungbean,72.9
19.0,43.0,14.0,28.8,88.1,6.85,45.3,9.9,62.9,mungbean,92.6
117.0,50.0,24.0,25.5,82.1,6.83,90.8,10.0,37.3,cotton,96.9
108.0,35.0,15.0,30.7,98.7,6.73,82.2,16.1,65.0,rice,58.4
46.0,37.0,106.0,25.1,32.5,7.95,123.8,2,43.2,chickpea,56.9
74.0,56.0,47.0,24.4,78.8,6.68,200.6,9.4,51.7,jute,93.3
30.0,46.0,65.0,23.0,38.6,7.74,118.6,11.0,73.7,chickpea,74.0
74.0,35.0,22.0,29.4,62.5,6.13,132.3,12.7,58.1,cotton,62.6
39.0,90.0,24.0,14.1,37.2,4.9,168.6,10.2,65.5,kidneybeans,52.4
21.0,16.0,25.0,27.7,97.6,5.98,175.9,6.6,64.4,coconut,95.4
53.0,51.0,64.0,20.4,65.0,5.89,46.3,4.5,75.2,jute,50.3
44.0,68.0,78.0,17.9,17.5,7.07,91.3,13.6,42.1,chickpea,95.6
53.0,62.0,39.0,33.1,94.6,6.74,120.6,10.6,58.3,papaya,95.1
111.0,47.0,25.0,24.7,82.7,6.95,87.7,10.8,48.4,cotton,94.5
37.0,109.0,13.0,17.0,77.5,6.07,72.1,5.0,10,lentil,39.1
140,13.0,20.0,22.1,74.3,7.46,10,20.6,47.6,coffee,53.4
44.0,16.0,59.0,29.4,100,5.06,10,18.4,33.2,muskmelon,65.1
16.0,16.0,37.0,21.6,89.9,5.82,114.5,16.5,36.4,pomegranate,95.4
21.0,32.0,13.0,33.5,61.4,4.79,255.3,10.3,60.4,pigeonpeas,54.8
94.0,13.0,51.0,28.0,92.1,6.43,15.6,10.5,52.3,muskmelon,91.8
128.0,123.0,192.0,42.8,16.8,8.57,14.3,7.2,53.6,rice,25.0
36.0,82.0,97.0,41.0,100,5.77,246.3,7.3,47.1,papaya,45.9
42.0,5,29.0,38.9,14,8.9,300,6.4,27.3,coconut,30.7
0,38.0,35.0,26.5,63.4,7.0,213.8,5.8,48.8,mango,57.1
16.0,5,6.0,16.2,100,8.4,43.7,13.9,33.1,orange,53.1
28.0,56.0,20.0,28.5,85.7,6.81,43.7,15.1,42.2,mungbean,98
36.0,59.0,14.0,29.1,64.4,7.16,58.0,15.2,60.4,blackgram,96.7
78.0,61.0,16.0,23.2,64.4,6.19,71.9,14.8,45.5,maize,95.9
12.0,30.0,9.0,17.9,50.5,7.89,72.4,6.6,34.8,lentil,42.3
100.0,139.0,186.0,43.8,100,8.57,16.0,5.1,46.4,mungbean,26.5
140,31.0,70.0,29.9,100,7.03,10,18.9,61.0,watermelon,48.7
0,19.0,26.0,20.1,100,6.87,300,7.1,55.3,coconut,55.4
19.0,43.0,20.0,27.7,55.4,6.85,52.0,21.1,31.0,mothbeans,91.0
61.0,35.0,33.0,26.7,50.3,6.7,26.1,14.9,59.5,blackgram,48.9
16.0,35.0,14.0,25.5,63.7,5.89,27.4,16.7,63.0,mango,61.5
41.0,74.0,26.0,29.7,59.2,7.23,64.6,13.1,44.4,blackgram,94.6
35.0,83.0,118.0,19.3,92.6,6.93,122.3,8.1,54.8,grapes,39.1
117.0,51.0,20.0,24.1,78.4,6.78,105.7,21.2,64.6,cotton,93.5
140,55.0,62.0,22.1,66.1,4.79,80.2,9.5,44.1,banana,57.6
10.0,14.0,5,28.7,100,7.75,213.7,9.7,19.9,orange,60.2
42.0,21.0,49.0,31.4,100,6.89,96.6,18.6,54.4,coconut,54.4
17.0,130.0,192.0,23.3,92.7,5.84,99.3,11.3,71.5,apple,96.5
99.0,17.0,54.0,27.7,93.0,6.48,26.3,16.9,58.6,muskmelon,93.1
29.0,145,115.0,19.8,67.8,6.9,108.8,10.9,50.6,grapes,55.5
74.0,22.0,47.0,27.0,83.2,6.41,51.7,12.1,53.3,watermelon,91.8
35.0,58.0,27.0,31.3,62.1,4.76,102.6,2,34.0,pigeonpeas,72.2
21.0,15.0,31.0,27.7,95.7,6.24,196.8,15.2,65.1,coconut,98
106.0,31.0,29.0,25.1,57.5,6.92,176.9,14.3,31.1,coffee,94.6
3.0,15.0,13.0,34.2,63.4,5.65,99.0,6.7,40.2,mungbean,39.4
24.0,13.0,11.0,23.2,90.0,7.1,90.8,5.0,42.5,orange,95.9
14.0,145,10.0,9.0,91.6,3.67,268.0,15.2,74.8,chickpea,20.6
14.0,70.0,24.0,28.4,43.8,5.62,151.7,13.5,36.9,pigeonpeas,98
17.0,28.0,42.0,27.7,87.7,5.95,76.7,14.8,66.9,lentil,44.2
37.0,27.0,53.0,16.3,67.4,6.96,23.6,6.5,20.9,rice,54.7
47.0,5,200.0,8.3,97.1,8.11,300,2,60.3,muskmelon,34.2
36.0,25.0,5,14.0,14,6.99,165.7,13.8,42.0,kidneybeans,44.1
20.0,71.0,17.0,18.1,22.9,5.44,101.2,8.3,39.0,kidneybeans,93.0
140,51.0,42.0,20.2,79.2,5.96,191.0,15.4,33.7,coffee,44.2
23.0,129.0,5,40.7,21.6,4.13,262.5,5.5,67.1,maize,24.3
18.0,45.0,6.0,42.0,17.6,8.55,45.3,9.7,65.2,mungbean,57.5
34.0,75.0,32.0,35.0,33.5,6.31,76.5,8.1,59.6,mothbeans,49.8
140,27.0,24.0,20.8,71.5,5.95,217.8,9.1,52.2,coffee,61.0
32.0,74.0,60.0,17.1,17.5,7.17,76.2,4.6,39.0,chickpea,89.0
99.0,26.0,26.0,24.6,59.0,7.02,181.2,2.5,53.2,coffee,96.2
116.0,15.0,48.0,24.8,85.7,6.55,41.8,7.9,46.9,watermelon,96.6
98.0,5,194.0,41.4,99.2,3.5,10,2,52.6,mothbeans,22.7
134.0,144.0,72.0,23.0,94.8,5.67,64.9,19.6,23.6,banana,51.8
116.0,15.0,63.0,18.5,100,7.05,95.9,11.2,33.9,rice,51.9
65.0,79.0,17.0,26.7,97.4,5.43,300,8.0,35.2,rice,68.3
24.0,136.0,205,26.0,81.6,5.99,71.1,7.8,53.5,grapes,94.4
92.0,49.0,37.0,22.9,81.7,6.68,250.3,15.4,14.4,rice,96.4
24.0,112.0,176.0,22.0,80.9,6.21,61.2,16.1,59.4,grapes,93.3
43.0,32.0,19.0,16.0,49.7,5.09,34.8,3.4,80.3,maize,79.0
140,5,36.0,44,22.0,8.92,300,12.1,56.8,maize,27.1
93.0,20.0,5,12.3,100,4.22,10,16.4,28.6,coconut,41.3
140,34.0,59.0,30.4,59.9,6.15,246.6,8.6,73.7,coffee,55.3
27.0,75.0,18.0,29.6,49.7,5.9,143.3,6.5,62.9,pigeonpeas,93.1
11.0,145,205,29.2,95.4,4.87,142.8,11.0,21.4,grapes,46.0
47.0,64.0,32.0,33.3,61.8,6.56,271.6,14.7,39.5,pigeonpeas,51.7
23.0,17.0,11.0,22.7,94.1,7.21,84.7,6.2,42.4,orange,95.8
110.0,24.0,43.0,25.5,87.8,6.27,44.4,10.4,58.6,watermelon,96.0
14.0,5,5.0,9.8,25.8,8.16,263.7,7.7,29.9,maize,26.8
140,37.0,11.0,22.2,75.4,7.54,32.0,10.1,29.4,muskmelon,37.0
32.0,38.0,71.0,29.3,74.6,7.21,97.1,15.5,81.0,jute,65.8
111.0,81.0,56.0,28.3,81.1,6.09,103.6,23.2,11.1,banana,98
140,145,173.0,11.3,100,4.25,267.2,18.3,38.4,blackgram,18.9
69.0,18.0,26.0,34.9,100,7.08,11.8,16.5,55.2,muskmelon,58.3
140,20.0,205,8.5,14,4.46,300.0,8.5,40.7,mungbean,20.2
14.0,143.0,205,24.8,81.8,5.98,55.8,20.8,54.1,grapes,89.7
15.0,45.0,65.0,30.1,100,7.44,118.6,10.4,26.5,papaya,64.4
15.0,30.0,35.0,11.4,31.1,6.41,164.9,16.7,36.6,chickpea,30.1
22.0,52.0,12.0,24.2,45.9,6.36,12.0,10.8,44.3,mothbeans,82.5
19.0,80.0,17.0,24.6,65.7,6.87,45.7,10.1,34.0,lentil,95.3
79.0,46.0,41.0,24.3,83.1,6.47,247.4,14.4,40.6,rice,93.6
101.0,17.0,56.0,28.2,93.0,6.09,20.3,2,47.4,muskmelon,95.6
16.0,19.0,36.0,22.2,92.1,5.91,114.2,18.5,45.7,pomegranate,97.6
31.0,20.0,27.0,32.8,100,7.02,269.5,8.1,29.6,coconut,60.6
140,5,187.0,42.8,99.3,8.71,31.0,13.1,69.4,coffee,26.5
25.0,9.0,75.0,14.4,72.8,4.81,59.8,17.6,29.3,pomegranate,42.2
46.0,50.0,45.0,31.5,91.9,6.5,123.3,13.3,44.1,papaya,91.9
89.0,45.0,31.0,23.9,82.4,6.28,251.2,15.0,35.1,rice,96.0
14.0,59.0,17.0,24.8,63.4,6.89,49.1,5.1,27.4,lentil,98
39.0,60.0,22.0,22.2,98.5,5.19,76.7,7.1,53.9,mungbean,51.7
116.0,118.0,200.0,10.8,14.7,3.67,299.9,13.5,46.3,pigeonpeas,18.5
110.0,140.0,5,44,95.3,4.06,238.6,12.1,43.6,maize,33.1
14.0,82.0,10.0,21.5,45.9,5.65,12.7,12.0,74.8,mothbeans,47.7
21.0,27.0,29.0,27.6,97.8,5.72,55.0,12.3,53.8,pomegranate,71.4
22.0,5,26.0,10.1,14,3.77,11.5,16.0,29.4,banana,21.4
106.0,118.0,5,8.4,100,4.14,269.4,6.6,69.2,papaya,24.3
30.0,49.0,5,26.4,38.8,7.46,118.2,8.9,50.1,mothbeans,65.3
140,12.0,25.0,10.7,14,8.45,16.2,11.7,41.0,grapes,18.9
112.0,18.0,48.0,28.6,93.0,6.35,21.5,15.0,88.9,muskmelon,96.6
45.0,108.0,35.0,17.1,27.2,8.87,49.6,12.1,50.6,chickpea,54.0
23.0,14.0,14.0,22.1,93.0,6.82,99.1,10.0,43.5,orange,96.0
14.0,91.0,41.0,12.2,39.5,6.87,184.6,6.9,48.7,kidneybeans,40.5
52.0,37.0,39.0,23.3,83.4,5.83,10,5.2,74.1,muskmelon,49.2
0,123.0,5,11.0,100,3.89,24.4,15.5,54.2,rice,19.1
13.0,145,37.0,8.4,100,4.08,10,11.2,67.7,coffee,27.2
21.0,115.0,8.0,33.0,77.5,5.7,10,8.4,35.3,lentil,36.2
106.0,64.0,56.0,27.9,81.2,6.26,128.2,12.0,73.0,banana,93.6
16.0,145,81.0,28.7,100,5.36,34.0,7.4,61.7,apple,60.4
137.0,10.0,21.0,42.0,22.9,4.26,26.2,22.9,42.6,watermelon,38.0
123.0,37.0,201.0,10.2,14.1,4.61,12.7,10.1,55.1,lentil,26.0
53.0,52.0,5,35.7,76.4,7.94,95.5,12.6,83.4,blackgram,58.9
125.0,49.0,25.0,23.7,79.7,6.91,90.4,7.2,51.8,cotton,97.9
22.0,14.0,6.0,22.6,91.0,6.98,104.3,22.8,60.2,orange,96.1
19.0,53.0,21.0,28.3,86.6,6.72,42.9,14.0,56.6,mungbean,96.9
0,140.0,5,11.1,99.7,8.24,259.1,4.5,19.9,pomegranate,26.3
140,5,5,42.4,16.4,4.4,264.5,15.9,54.9,kidneybeans,35.2
17.0,26.0,39.0,31.2,50.7,5.73,106.6,19.6,81.4,mango,92.0
11.0,112.0,5.0,32.6,75.8,6.65,300,17.0,50.9,pigeonpeas,45.0
140,145,200.0,42.5,94.3,8.75,37.4,20.7,27.3,orange,33.3
22.0,28.0,31.0,31.3,50.3,5.77,101.1,4.9,32.7,mango,95.5
30.0,73.0,18.0,33.1,60.3,6.58,84.6,16.0,54.3,pigeonpeas,77.0
19.0,145,166.0,10.4,96.1,8.68,271.2,11.1,57.8,watermelon,21.5
74.0,106.0,5,10.0,91.2,8.63,272.9,9.8,64.3,banana,43.5
53.0,10.0,200.0,10.8,88.2,3.53,300,8.2,37.9,grapes,42.1
10.0,76.0,13.0,23.0,72.6,5.49,75.8,12.9,44.7,mungbean,55.6
14.0,46.0,30.0,28.2,67.1,6.83,83.6,18.0,66.5,mango,70.9
48.0,8.0,22.0,23.8,14,7.72,152.6,8.4,57.1,chickpea,60.8
23.0,60.0,18.0,22.0,62.0,7.1,44.9,8.5,45.3,lentil,96.3
105.0,18.0,50.0,29.8,92.9,6.56,23.3,16.5,67.5,muskmelon,98
43.0,74.0,13.0,25.9,58.7,5.51,38.5,19.9,12.2,mungbean,50.9
39.0,67.0,18.0,30.1,65.8,7.07,73.2,20.8,37.9,blackgram,98.0
35.0,143.0,194.0,24.4,78.0,6.02,63.5,9.9,36.1,grapes,87.7
13.0,38.0,16.0,22.6,28.8,6.85,84.0,14.5,57.1,pigeonpeas,58.0
14.0,145,205,30.1,91.5,7.45,131.6,16.4,30.7,grapes,52.8
15.0,101.0,12.0,24.4,38.1,6.44,54.1,15.5,37.6,kidneybeans,62.4
23.0,44.0,20.0,29.0,85.9,6.88,46.2,18.9,61.3,mungbean,94.4
140,12.0,205,41.2,14,3.72,300,11.2,52.6,lentil,17.2
21.0,22.0,174.0,42.2,96.6,4.08,263.9,11.6,63.3,maize,28.3
124.0,58.0,71.0,32.2,64.3,6.92,30.4,9.6,54.1,banana,55.2
0,121.0,205,42.4,99.0,8.67,299.3,14.0,51.2,muskmelon,24.0
116.0,74.0,31.0,27.7,100,7.17,300,7.8,40.3,jute,54.9
134.0,90.0,50.0,26.2,80.5,5.9,112.6,24.4,30.6,banana,90.2
140,145,204.0,10.2,16.9,8.58,283.5,2,58.8,mungbean,17.0
99.0,18.0,53.0,25.5,85.4,6.47,35.6,19.6,64.7,watermelon,94.7
38.0,21.0,12.0,22.0,100,4.81,92.3,18.5,87.6,coconut,46.5
22.0,5,5,8.4,98.3,4.31,300,14.5,10,rice,34.3
15.0,20.0,5,32.8,100,4.18,161.3,13.1,32.5,coconut,59.1
22.0,145,25.0,43.0,16.1,8.13,10,7.3,53.4,banana,22.2
23.0,58.0,17.0,27.6,53.2,6.75,53.4,13.2,35.0,mothbeans,94.6
24.0,115.0,16.0,22.4,34.0,6.91,259.9,10.7,27.2,pigeonpeas,51.1
14.0,47.0,27.0,18.7,21.2,5.66,82.6,15.6,58.1,kidneybeans,94.1
24.0,54.0,24.0,28.2,85.1,6.54,48.2,11.4,54.0,mungbean,95.5
20.0,145,192.0,12.4,100,4.1,252.1,13.0,37.1,chickpea,29.0
22.0,72.0,21.0,31.5,64.4,7.32,62.4,30.1,51.7,blackgram,87.5
19.0,15.0,38.0,23.2,86.9,5.91,109.2,15.0,44.4,pomegranate,93.1
41.0,26.0,57.0,32.9,100,6.43,300,13.9,21.3,coconut,41.7
124.0,143.0,5,13.4,14,3.99,286.9,17.4,40.8,coffee,31.4
88.0,44.0,43.0,22.8,82.5,6.48,222.6,22.0,58.5,rice,91.2
12.0,6.0,205,8,95.0,3.8,25.3,12.9,79.8,lentil,32.0
48.0,145,83.0,28.0,71.1,7.02,35.6,16.2,54.7,grapes,48.0
17.0,61.0,12.0,17.6,24.1,5.55,132.0,11.8,31.9,kidneybeans,95.0
115.0,10.0,5,44,14,8.4,10,16.6,48.9,coconut,29.3
33.0,134.0,42.0,13.2,14.5,8.7,24.6,5.6,46.3,pigeonpeas,25.3
20.0,17.0,11.0,22.7,93.7,6.7,110.6,20.4,28.7,orange,93.8
47.0,137.0,205,10.3,100,8.29,42.1,9.3,63.2,lentil,29.9
72.0,7.0,32.0,19.0,59.9,6.06,300,21.7,55.3,jute,49.0
140,145,24.0,37.5,14,3.81,300,8.1,63.0,coffee,35.9
90.0,75.0,18.0,17.9,80.5,7.05,150.1,4.1,10,maize,75.6
18.0,58.0,80.0,17.3,100,6.98,44.2,13.2,55.8,apple,46.4
21.0,62.0,17.0,26.0,66.1,6.79,41.6,18.0,50.1,lentil,94.8
27.0,27.0,15.0,31.9,27.9,5.67,86.3,12.6,53.4,mothbeans,58.3
17.0,22.0,28.0,32.4,52.7,6.28,96.4,13.9,69.0,mango,95.4
26.0,24.0,26.0,30.8,50.7,5.74,103.6,4.3,52.2,mango,97.0
140,140.0,200.0,8,14,8.23,15.8,11.3,81.1,jute,19.9
75.0,93.0,25.0,32.4,74.0,6.03,114.0,15.5,59.1,blackgram,54.8
9.0,16.0,17.0,28.6,100,6.52,53.1,9.2,45.4,orange,59.4
18.0,34.0,63.0,21.6,95.0,6.65,154.8,17.8,59.3,banana,47.8
25.0,35.0,5,11.9,97.1,8.53,31.1,19.4,64.0,mungbean,54.7
128.0,14.0,11.0,8.6,100,8.71,270.8,14.2,44.4,orange,46.4
23.0,44.0,5,21.6,14,6.94,61.0,15.0,34.5,kidneybeans,69.6
73.0,136.0,198.0,39.9,100,7.94,10,11.9,44.3,banana,29.9
17.0,17.0,31.0,27.3,96.5,5.9,181.8,2,33.1,coconut,95.1
26.0,135.0,19.0,8,14,4.04,262.8,14.6,38.4,pomegranate,26.4
22.0,58.0,33.0,22.5,67.7,6.01,103.2,7.8,47.2,mothbeans,55.4
105.0,17.0,47.0,29.4,91.6,6.09,25.8,17.0,30.9,muskmelon,94.2
57.0,51.0,5,26.0,48.0,7.59,112.2,17.5,55.8,maize,76.8
53.0,79.0,55.0,35.3,92.5,6.59,110.8,13.8,40.6,papaya,94.3
25.0,95.0,27.0,13.8,38.1,6.43,65.9,14.6,41.1,kidneybeans,65.8
128.0,27.0,63.0,31.9,74.0,4.96,70.9,4.3,54.4,banana,67.5
25.0,50.0,24.0,26.3,84.9,6.66,46.0,6.7,41.2,mungbean,93.3
13.0,9.0,182.0,44,93.5,8.14,29.2,8.1,29.4,cotton,28.3
138.0,5,191.0,13.4,90.8,3.68,299.0,11.8,49.7,lentil,22.4
126.0,46.0,28.0,24.4,79.7,7.02,98.9,8.9,39.9,cotton,95.5
40.0,51.0,10.0,23.1,94.0,5.24,176.5,6.1,16.8,banana,40.6
20.0,13.0,15.0,41.8,19.1,4.21,257.1,11.6,30.2,pomegranate,39.1
140,145,201.0,11.1,96.2,4.05,289.9,15.6,36.3,coconut,30.8
122.0,56.0,50.0,32.1,68.4,5.43,183.7,7.5,52.4,banana,69.3
126.0,56.0,11.0,29.3,94.0,5.7,71.4,10.4,50.7,rice,56.5
140,54.0,13.0,23.3,81.6,6.91,95.5,16.0,40.1,cotton,94.9
97.0,35.0,24.0,21.5,100,6.18,10,7.2,70.1,jute,63.9
19.0,111.0,205,12.7,14,8.31,261.7,19.8,50.2,kidneybeans,39.6
0,8.0,176.0,42.2,14,3.95,10,10.0,39.0,muskmelon,25.2
22.0,138.0,73.0,22.1,68.8,5.32,57.2,9.1,19.0,banana,40.9
15.0,16.0,31.0,27.7,95.8,5.77,159.3,21.4,56.2,coconut,88.6
118.0,34.0,35.0,25.9,60.9,6.81,157.6,8.4,52.0,coffee,95.6
140,14.0,47.0,34.3,38.7,7.99,110.5,25.5,49.8,coffee,39.4
25.0,117.0,191.0,22.2,92.5,5.84,95.4,10.3,54.0,apple,95.6
92.0,29.0,42.0,24.7,59.0,6.73,143.4,17.0,38.5,coffee,87.3
107.0,110.0,205,13.0,100,3.85,10,11.6,51.8,muskmelon,41.4
7.0,143.0,205,27.2,93.1,6.95,61.8,23.0,90,grapes,67.7
60.0,66.0,55.0,33.9,95.1,6.79,145.7,14.4,35.0,papaya,92.4
81.0,50.0,40.0,22.9,79.0,6.82,192.8,8.7,46.6,jute,91.9
140,39.0,13.0,30.0,90.8,7.72,10,8.0,44.6,cotton,74.0
0,17.0,11.0,42.1,96.5,8.02,47.7,10.8,39.1,jute,22.8
140,125.0,35.0,32.2,67.7,6.91,174.5,9.0,28.6,banana,51.7
37.0,145,5,8,31.1,8.19,300,20.2,63.3,mango,21.3
25.0,26.0,9.0,22.5,93.0,7.0,107.4,5.7,24.2,orange,88.8
140,21.0,22.0,42.2,14,8.61,270.8,19.7,55.0,muskmelon,36.1
26.0,25.0,40.0,18.3,65.4,6.93,45.0,18.1,44.1,pomegranate,67.5
21.0,51.0,24.0,17.0,19.4,5.68,99.4,11.0,41.5,kidneybeans,94.8
16.0,69.0,32.0,36.5,72.0,6.22,115.8,9.8,26.3,mungbean,52.2
81.0,61.0,19.0,23.7,64.8,6.4,83.5,8.3,80.9,maize,96.3
12.0,19.0,9.0,22.9,91.1,7.4,85.0,10.9,36.8,orange,94.0
2.0,108.0,35.0,13.0,14,4.47,26.1,19.3,42.0,kidneybeans,36.7
0,41.0,24.0,42.9,14,4.23,300,14.6,55.3,apple,18.4
45.0,13.0,48.0,22.9,45.6,7.99,300,18.6,55.8,coffee,35.5
0,16.0,183.0,44,96.0,3.63,24.9,15.3,52.6,blackgram,22.6
24.0,85.0,33.0,21.1,43.4,4.95,197.4,15.0,46.2,pigeonpeas,72.9
10.0,113.0,205,9.6,14.6,8.62,31.9,6.0,44.2,maize,28.8
24.0,65.0,19.0,27.4,64.2,6.87,51.4,13.6,34.3,lentil,94.4
110.0,27.0,27.0,25.5,60.9,6.92,183.0,14.1,19.0,coffee,93.9
24.0,48.0,18.0,27.2,50.2,7.09,55.8,9.6,47.3,mothbeans,97.1
76.0,51.0,18.0,23.3,61.3,6.41,90.8,16.7,27.2,maize,96.1
0,29.0,5,44,96.6,8.09,10,10.5,32.6,muskmelon,40.2
138.0,24.0,205,42.7,98.0,8.27,24.8,16.0,48.0,grapes,32.8
18.0,132.0,205.0,22.4,92.2,5.86,130.8,16.3,65.7,apple,95.0
97.0,5,158.0,43.2,89.7,9.16,295.3,18.7,39.6,kidneybeans,19.0
11.0,43.0,13.0,33.8,64.1,5.32,28.1,9.9,29.4,mothbeans,72.8
28.0,127.0,162.0,23.8,83.4,6.15,68.2,14.0,42.0,grapes,95.4
17.0,34.0,90.0,37.1,71.7,5.98,246.6,9.6,78.0,papaya,39.3
111.0,5,5,8,100.0,3.52,71.1,3.9,26.3,jute,24.4
31.0,12.0,11.0,34.1,61.8,5.38,100.5,19.6,34.2,mothbeans,45.4
79.0,44.0,37.0,23.3,78.2,6.43,240.4,10.2,39.3,rice,95.7
4.0,62.0,205,12.2,75.3,4.74,186.9,19.2,51.6,apple,33.1
63.0,28.0,24.0,18.9,67.8,8.14,183.5,12.9,33.2,cotton,51.5
26.0,24.0,15.0,32.3,100,5.72,62.9,12.5,84.3,orange,54.9
90.0,34.0,24.0,25.5,58.3,6.72,150.0,13.2,59.2,coffee,96.1
73.0,52.0,27.0,22.5,65.2,6.53,73.5,17.0,10,maize,96.0
16.0,82.0,111.0,17.1,90.8,5.08,49.5,23.4,37.9,grapes,50.1
0,117.0,5,9.1,100,8.82,10,17.6,47.1,orange,34.9
140,19.0,31.0,27.6,65.2,5.75,300,13.9,24.4,rice,61.6
26.0,132.0,197.0,24.1,80.4,6.07,68.5,15.4,60.9,grapes,91.7
36.0,8.0,5,28.1,100,6.86,193.8,10.8,49.7,pomegranate,40.9
20.0,41.0,20.0,29.2,56.4,6.81,57.2,12.8,58.7,mothbeans,98
0,5,205,11.0,100,4.08,254.3,6.7,52.3,rice,30.8
21.0,13.0,12.0,24.4,91.3,6.98,121.3,4.1,43.1,orange,95.4
81.0,36.0,5,23.8,100,5.82,97.4,7.4,36.1,cotton,60.5
140,123.0,205,11.4,16.1,4.02,252.8,17.7,39.0,kidneybeans,28.8
120.0,133.0,178.0,41.5,16.8,8.48,257.0,2,59.0,papaya,22.2
139.0,24.0,39.0,32.2,99.6,5.95,28.7,13.2,49.3,watermelon,59.2
106.0,20.0,184.0,10.2,98.0,4.17,13.1,14.4,48.0,mothbeans,26.5
23.0,74.0,21.0,19.2,19.2,6.05,115.3,7.8,74.1,kidneybeans,91.6
91.0,15.0,5,44,14,8.62,299.0,5.3,34.3,pigeonpeas,20.7
16.0,27.0,31.0,31.1,50.1,5.84,95.9,20.5,23.7,mango,93.8
31.0,105.0,27.0,12.5,39.8,6.23,24.8,11.5,47.1,kidneybeans,53.2
140,16.0,24.0,22.6,100,7.48,36.5,2,39.1,muskmelon,57.2
65.0,49.0,39.0,24.4,79.9,6.36,179.9,17.1,38.2,jute,96.4
57.0,111.0,23.0,25.4,76.6,6.32,102.2,13.1,63.2,blackgram,50.6
44.0,101.0,79.0,19.5,65.4,4.82,139.1,23.7,22.3,banana,45.9
140,145,205,8.9,14,3.5,274.0,17.2,52.4,grapes,41.2
8.0,117.0,13.0,12.3,97.0,4.06,245.9,19.2,53.1,chickpea,22.5
56.0,112.0,101.0,10.7,14,6.4,10,15.4,57.3,chickpea,47.5
140,15.0,28.0,28.3,64.4,6.96,18.9,2,63.0,watermelon,59.2
97.0,19.0,51.0,29.7,92.5,6.55,34.2,8.6,48.0,muskmelon,96.2
18.0,22.0,202.0,8,98.9,8.1,274.7,12.8,32.3,papaya,26.9
92.0,84.0,51.0,27.9,83.4,5.71,116.6,11.1,34.0,banana,95.3
79.0,31.0,37.0,24.1,78.7,6.83,183.9,18.8,68.5,jute,88.6
47.0,18.0,29.0,25.9,36.4,5.38,43.8,14.9,55.4,mango,60.1
92.0,16.0,49.0,28.5,92.0,6.73,20.1,11.3,46.0,muskmelon,93.9
23.0,28.0,28.0,31.4,53.5,5.94,98.6,12.3,62.1,mango,96.5
44.0,74.0,55.0,34.4,93.8,6.82,129.8,14.4,34.3,papaya,95.5
55.0,50.0,53.0,34.6,93.9,6.55,161.1,3.0,63.9,papaya,91.7
130.0,119.0,5,8,14,3.73,280.3,9.5,57.5,kidneybeans,30.4
0,120.0,14.0,11.2,97.4,3.91,245.1,10.2,68.5,grapes,33.0
88.0,21.0,26.0,26.4,57.1,6.81,166.0,11.8,63.0,coffee,97.0
17.0,130.0,118.0,13.4,14,8.33,18.3,22.0,79.4,chickpea,44.1
47.0,17.0,75.0,22.6,94.5,5.88,21.1,10.7,36.4,watermelon,59.3
111.0,94.0,49.0,27.1,82.2,6.17,86.2,15.3,72.2,banana,96.6
77.0,47.0,30.0,23.7,82.7,6.76,168.4,11.7,38.7,jute,96.0
51.0,73.0,19.0,30.0,63.1,7.21,69.6,16.8,40.1,blackgram,92.2
34.0,87.0,205,28.4,75.0,7.55,16.0,18.8,50.2,apple,33.8
20.0,72.0,21.0,28.0,46.5,5.47,171.9,16.1,50.2,pigeonpeas,94.4
27.0,44.0,17.0,28.5,53.7,6.97,48.2,10.9,52.4,mothbeans,93.6
140,5,5,44,100,8.41,28.4,10.8,36.7,rice,24.6
104.0,24.0,34.0,25.7,61.6,6.89,170.2,9.9,56.4,coffee,92.6
51.0,35.0,204.0,8.6,14,4.27,292.9,4.8,26.5,lentil,23.1
118.0,8.0,185.0,10.5,99.0,4.22,293.2,16.3,44.3,cotton,31.3
25.0,27.0,58.0,22.5,100,5.01,215.0,13.4,64.1,pomegranate,52.7
6.0,30.0,34.0,22.2,70.4,6.04,98.4,12.8,54.4,mothbeans,41.5
24.0,17.0,12.0,22.6,92.4,7.06,125.3,15.7,58.7,orange,95.9
19.0,21.0,12.0,20.5,77.1,6.94,38.5,12.6,49.5,coconut,48.3
110.0,145,160.0,38.3,98.7,3.88,28.4,20.6,46.8,pigeonpeas,19.0
90.0,31.0,32.0,26.0,60.1,6.95,132.5,12.4,55.2,coffee,95.2
22.0,139.0,179.0,21.3,94.6,5.65,138.1,16.5,66.4,apple,96.6
22.0,64.0,25.0,27.5,46.2,5.9,140.9,8.5,30.7,pigeonpeas,93.3
140,145,181.0,8.5,15.3,8.69,41.2,10.2,53.0,mothbeans,32.6
85.0,91.0,20.0,19.5,91.5,7.95,31.1,8.5,53.2,maize,63.8
140,91.0,18.0,8,14,4.21,294.2,3.3,49.3,blackgram,37.4
11.0,5,6.0,43.6,100,3.62,271.0,11.5,68.5,apple,29.8
92.0,5,172.0,13.0,100,8.24,10,22.2,54.5,blackgram,23.3
10.0,5,202.0,8,21.3,3.67,268.8,5.7,50.0,watermelon,20.2
11.0,8.0,45.0,23.4,80.3,4.83,296.1,13.0,30.9,coconut,39.8
19.0,5,186.0,8,17.1,8.39,295.6,17.7,71.0,cotton,19.6
42.0,44.0,47.0,35.0,92.9,6.64,119.1,15.7,86.9,papaya,94.3
127.0,28.0,43.0,17.5,93.2,7.15,131.8,11.9,65.5,rice,64.4
1.0,131.0,171.0,43.7,100,3.98,249.6,5.9,58.6,blackgram,20.8
41.0,16.0,84.0,21.3,100,5.41,300,10.3,45.7,rice,57.6
21.0,19.0,114.0,23.3,27.0,8.36,48.7,12.3,31.0,chickpea,51.5
127.0,5,5,10.1,100,8.43,33.9,16.5,58.4,pigeonpeas,22.4
16.0,139.0,5,8,99.4,8.42,263.4,16.8,32.1,jute,25.7
15.0,20.0,30.0,35.8,66.9,6.21,90.2,4.3,54.1,mothbeans,55.7
14.0,68.0,19.0,24.4,64.9,6.62,48.8,2,49.2,lentil,92.8
53.0,145,23.0,41.6,90.4,3.68,10,17.1,66.4,cotton,41.7
102.0,9.0,174.0,11.3,94.6,8.62,244.9,13.4,57.6,grapes,33.4
29.0,14.0,40.0,9.2,17.6,8.63,16.5,14.3,51.3,apple,27.8
140,41.0,205,8.8,98.7,8.51,286.0,7.4,67.2,pomegranate,25.4
83.0,20.0,54.0,27.8,91.4,6.55,25.7,13.5,37.5,muskmelon,94.3
93.0,48.0,37.0,23.3,81.9,6.15,233.8,12.3,77.7,rice,96.9
11.0,5,8.0,17.0,82.2,6.46,220.1,12.3,59.2,orange,53.7
25.0,145,138.0,29.7,72.4,5.56,10,13.9,51.5,grapes,57.5
140,145,174.0,44,22.2,3.85,278.8,8.4,50.6,chickpea,31.8
21.0,145,69.0,12.2,78.0,6.37,147.6,18.9,46.8,apple,59.9
79.0,42.0,35.0,26.7,81.7,6.68,158.3,11.9,59.5,jute,95.6
22.0,52.0,16.0,20.8,17.8,5.89,122.5,17.9,49.6,kidneybeans,90.8
0,26.0,5,28.9,84.4,7.03,119.4,12.3,64.9,maize,64.0
27.0,16.0,19.0,23.1,79.2,6.24,300,11.4,47.2,coconut,63.8
39.0,68.0,98.0,18.9,18.0,7.14,72.5,9.7,43.1,chickpea,90.0
132.0,145.0,5.0,8.9,14,7.86,287.4,14.7,53.8,coconut,23.0
79.0,56.0,42.0,25.1,84.6,6.68,168.6,20.0,54.7,jute,95.9
36.0,88.0,12.0,20.1,61.6,6.47,234.0,5.5,42.2,pigeonpeas,51.0
24.0,50.0,18.0,27.9,48.4,6.86,55.8,19.0,73.0,mothbeans,94.8
72.0,49.0,29.0,23.3,66.7,6.14,110.2,9.5,63.6,maize,89.2
23.0,23.0,25.0,33.3,50.0,6.1,91.8,6.5,49.3,mango,92.6
140,22.0,18.0,16.5,67.4,7.84,181.4,16.1,55.6,cotton,57.4
129.0,142.0,25.0,11.8,100,4.26,300,13.3,62.7,rice,42.2
140,141.0,18.0,42.0,96.7,3.62,251.5,14.2,23.3,apple,43.4
33.0,44.0,33.0,36.0,28.9,5.45,32.2,15.3,59.6,mango,50.1
86.0,16.0,57.0,25.5,84.8,6.89,49.4,11.2,52.1,watermelon,97.4
140,120.0,5,9.3,92.5,4.85,300,11.8,22.1,mothbeans,22.6
69.0,112.0,33.0,16.9,14,6.72,107.4,12.4,33.5,chickpea,64.7
140,126.0,183.0,10.6,100,3.96,10,8.5,37.2,mango,23.0
38.0,19.0,14.0,25.4,82.5,6.48,32.2,14.6,58.0,pomegranate,58.6
140,129.0,8.0,12.4,100,3.66,287.6,17.8,59.4,muskmelon,33.8
36.0,87.0,25.0,28.2,58.7,7.74,10,10.2,39.2,lentil,65.6
74.0,36.0,15.0,23.7,65.2,6.56,81.5,8.9,35.4,maize,95.8
18.0,17.0,32.0,26.7,95.7,5.92,181.5,9.4,65.5,coconut,94.9
41.0,20.0,42.0,23.7,65.4,5.61,85.7,16.4,57.1,watermelon,58.6
107.0,10.0,5,42.5,16.7,4.14,10,14.3,67.0,chickpea,33.2
29.0,25.0,45.0,24.2,76.8,4.76,300,8.8,45.1,coconut,43.2
20.0,72.0,18.0,30.2,51.9,5.93,132.1,8.9,64.3,pigeonpeas,92.9
14.0,11.0,9.0,22.4,89.4,6.88,106.9,10.0,59.4,orange,92.0
43.0,64.0,23.0,29.5,64.0,7.08,62.1,16.2,66.5,blackgram,94.3
28.0,145,197.0,13.5,90.3,4.0,10,6.5,45.2,mango,31.6
17.0,70.0,27.0,27.8,50.3,5.77,144.3,6.6,41.1,pigeonpeas,98
26.0,76.0,19.0,27.8,49.5,5.9,169.4,15.0,50.7,pigeonpeas,91.5
133.0,119.0,205,43.5,18.3,8.53,10,18.9,50.5,watermelon,25.5
74.0,42.0,16.0,19.9,96.6,7.18,51.4,5.2,46.3,jute,53.7
4.0,111.0,182.0,8.5,90.0,3.98,10,17.9,25.1,banana,34.0
84.0,19.0,38.0,31.3,76.4,8.21,263.1,17.2,31.2,coffee,42.4
0,35.0,205,42.6,23.0,4.61,10,7.3,29.7,lentil,22.7
91.0,48.0,34.0,24.0,82.9,6.5,223.7,17.7,51.3,rice,96.4
15.0,56.0,35.0,34.8,100,5.96,30.0,9.8,58.3,mungbean,61.4
20.0,54.0,24.0,28.9,55.3,7.28,32.7,22.4,53.7,mothbeans,92.3
11.0,89.0,5,18.6,71.8,5.99,88.8,18.3,30.4,lentil,50.1
40.0,14.0,28.0,24.0,61.7,4.73,63.8,13.0,53.8,pigeonpeas,46.3
14.0,22.0,9.0,24.6,100,6.1,77.6,5.0,23.3,mungbean,62.6
71.0,75.0,31.0,33.5,79.1,8.1,133.0,11.2,46.1,blackgram,49.7
14.0,5,200.0,8,14.3,4.1,273.2,13.0,50.3,muskmelon,20.1
59.0,6.0,43.0,31.5,70.7,5.91,35.1,14.7,68.1,coffee,31.0
133.0,33.0,5,44,90.5,4.25,243.7,11.7,56.8,watermelon,34.0
140,33.0,154.0,9.8,14.4,8.58,260.6,15.8,42.3,grapes,23.5
40.0,30.0,23.0,22.2,72.3,6.0,10,14.9,45.6,muskmelon,37.7
27.0,66.0,23.0,19.3,23.4,5.9,117.6,15.6,42.2,kidneybeans,97.2
26.0,54.0,24.0,29.6,84.8,6.55,52.3,12.8,35.1,mungbean,93.9
90.0,46.0,32.0,23.4,84.2,6.49,201.8,11.8,71.0,rice,98
38.0,119.0,196.0,42.4,20.3,8.37,252.1,7.6,51.7,chickpea,42.3
23.0,15.0,34.0,27.9,93.6,5.7,208.4,10.7,61.1,coconut,91.3
74.0,21.0,51.0,28.7,92.7,6.59,24.5,3.6,47.6,muskmelon,94.6
44.0,66.0,18.0,28.6,69.1,6.92,60.0,13.5,37.3,blackgram,96.9
21.0,68.0,18.0,25.1,62.3,6.82,47.4,4.0,79.8,lentil,93.7
121.0,15.0,5,41.6,92.7,3.67,276.9,11.8,43.2,muskmelon,52.7
45.0,59.0,36.0,34.6,93.9,6.53,159.5,8.9,54.2,papaya,91.4
140,12.0,5,8,96.0,8.48,282.2,12.3,62.9,jute,22.5
14.0,25.0,28.0,29.7,48.2,5.92,84.3,5.2,46.3,mango,95.9
18.0,62.0,37.0,17.2,49.7,5.98,123.2,16.0,40.2,maize,66.7
114.0,46.0,13.0,21.5,80.0,6.94,83.2,15.6,65.7,cotton,95.8
30.0,46.0,14.0,23.3,65.2,7.41,43.3,15.6,46.3,mothbeans,80.6
33.0,56.0,42.0,30.4,92.2,5.79,286.9,5.9,57.0,jute,50.5
27.0,28.0,49.0,25.2,100,6.97,53.5,12.5,64.5,pomegranate,65.9
12.0,86.0,17.0,24.8,67.8,7.0,36.1,12.8,52.5,lentil,91.6
37.0,10.0,65.0,33.9,75.1,7.72,61.6,13.5,56.5,muskmelon,35.4
28.0,66.0,26.0,28.4,40.7,6.02,153.1,8.1,63.6,pigeonpeas,88.4
19.0,45.0,14.0,28.7,84.4,6.68,54.4,15.7,42.4,mungbean,90.7
42.0,67.0,13.0,30.0,61.9,7.02,77.2,4.2,46.7,blackgram,94.9
21.0,89.0,11.0,33.4,62.2,5.69,293.0,5.5,60.5,pigeonpeas,61.2
79.0,43.0,35.0,23.1,80.3,6.57,235.2,19.9,84.2,rice,95.0
45.0,139.0,189.0,10.7,20.5,8.32,295.7,11.1,42.3,chickpea,45.7
23.0,19.0,25.0,28.0,94.5,6.23,197.5,12.1,50.5,coconut,94.6
129.0,9.0,15.0,13.7,99.6,4.0,238.2,9.6,52.5,pomegranate,30.1
16.0,27.0,31.0,31.2,53.4,6.19,90.0,13.8,24.8,mango,92.8
17.0,18.0,31.0,28.2,74.9,7.93,68.5,12.5,50.4,lentil,56.2
19.0,66.0,20.0,25.5,61.3,7.11,43.7,11.2,53.6,lentil,95.1
26.0,123.0,205,21.6,91.6,6.12,126.7,21.3,41.1,apple,93.3
24.0,29.0,24.0,23.4,14,6.9,10,14.1,45.8,kidneybeans,59.6
138.0,51.0,46.0,33.1,46.2,7.24,217.0,11.6,65.4,coffee,44.1
53.0,80.0,66.0,29.0,99.3,7.33,55.3,14.8,30.3,rice,46.9
140,37.0,8.0,9.9,19.6,4.08,50.8,7.9,18.6,maize,45.7
20.0,135.0,203.0,22.0,92.3,6.03,121.7,9.2,58.0,apple,94.6
100.0,123.0,5,10.9,14,4.34,19.5,8.7,64.6,coffee,29.4
93.0,25.0,31.0,24.4,57.3,6.88,159.6,16.0,35.6,coffee,93.9
140,97.0,72.0,32.7,61.6,7.27,102.6,19.7,49.8,banana,54.1
110.0,37.0,23.0,24.6,80.8,6.93,73.8,10.3,49.4,cotton,96.4
21.0,132.0,205,22.4,93.1,6.12,132.7,11.2,59.8,apple,90.4
99.0,48.0,21.0,28.0,80.6,7.09,76.2,17.0,60.2,cotton,93.3
34.0,79.0,18.0,23.9,96.7,7.86,10,8.0,57.6,mungbean,51.8
20.0,35.0,47.0,33.6,27.0,6.95,34.0,18.6,51.0,mango,62.4
7.0,27.0,44.0,16.1,98.7,6.12,19.7,22.0,66.2,pomegranate,58.4
52.0,8.0,5,42.7,24.9,4.04,10,16.1,72.6,mango,19.1
90.0,21.0,56.0,27.7,88.9,6.27,17.0,24.2,56.5,muskmelon,95.5
53.0,67.0,28.0,40.3,100,6.13,233.4,12.9,23.9,papaya,60.3
140,10.0,76.0,37.3,100,5.36,41.4,8.4,53.9,muskmelon,40.0
17.0,63.0,17.0,18.4,26.8,5.9,108.8,9.1,39.6,kidneybeans,91.7
36.0,145,135.0,28.7,70.1,7.31,46.6,19.9,40.6,grapes,51.2
42.0,68.0,87.0,17.4,17.2,7.4,81.2,15.4,39.6,chickpea,93.0
17.0,66.0,14.0,28.6,47.1,5.83,169.2,14.4,40.8,pigeonpeas,94.1
28.0,25.0,35.0,31.8,81.8,6.78,46.1,5.1,32.5,blackgram,62.9
1.0,145,205,17.6,80.3,6.64,230.8,9.8,42.5,apple,51.4
16.0,14.0,31.0,27.2,91.8,6.17,177.0,22.0,42.0,coconut,95.3
83.0,42.0,45.0,23.9,82.5,6.83,181.8,19.5,21.0,jute,95.2
121.0,31.0,45.0,30.1,100,6.97,14.5,13.8,67.5,watermelon,61.8
135.0,145,205,43.9,100,4.08,28.6,23.6,52.8,rice,19.9
14.0,23.0,56.0,14.5,100,5.94,93.8,5.2,48.6,pomegranate,71.4
0,5,205,10.4,14,3.93,269.7,4.3,53.0,maize,20.3
130.0,6.0,10.0,42.5,97.6,3.5,63.0,8.0,57.5,mothbeans,37.7
47.0,112.0,16.0,14.7,34.8,7.87,98.0,17.3,77.3,chickpea,64.5
123.0,22.0,31.0,12.6,19.3,8.7,293.7,15.2,52.1,maize,37.4
43.0,62.0,205,28.2,100,5.56,10,21.5,34.4,apple,50.7
77.0,31.0,29.0,25.9,61.2,6.69,196.8,15.1,52.0,coffee,95.0
27.0,127.0,200.0,24.4,82.8,6.05,63.5,14.2,72.6,grapes,98
31.0,84.0,17.0,26.6,14,4.66,209.8,23.2,56.5,kidneybeans,60.8
113.0,141.0,193.0,42.0,95.7,8.76,264.8,5.8,36.6,coffee,28.1
133.0,41.0,18.0,23.4,79.6,6.89,87.4,14.0,74.0,cotton,93.5
28.0,65.0,27.0,28.6,39.9,5.84,125.0,6.8,45.6,pigeonpeas,95.7
120.0,7.0,22.0,9.6,14,3.9,284.1,18.9,46.8,mungbean,28.8
31.0,19.0,18.0,23.6,75.7,6.54,166.1,14.1,47.3,pomegranate,58.5
13.0,13.0,26.0,28.4,94.2,6.12,182.1,11.0,46.2,coconut,89.5
26.0,24.0,38.0,30.4,50.4,5.95,128.3,13.5,51.3,mango,94.1
54.0,31.0,88.0,22.6,100,6.42,10,14.5,39.9,watermelon,39.9
140,5,5,28.6,56.8,7.66,10,9.6,56.4,cotton,44.8
36.0,19.0,39.0,12.1,98.0,3.64,240.8,9.6,32.1,grapes,22.4
24.0,21.0,29.0,26.5,95.2,5.66,202.9,6.0,60.8,coconut,94.1
140,8.0,46.0,29.3,41.2,5.98,10,12.9,56.9,coffee,35.2
23.0,73.0,18.0,19.5,20.4,5.94,106.1,9.0,33.7,kidneybeans,98
30.0,50.0,48.0,26.8,75.1,8.05,28.4,17.0,53.5,blackgram,56.7
140,5,187.0,10.6,14,8.85,21.7,13.2,49.3,pomegranate,20.2
24.0,125.0,205,40.0,15.4,8.15,274.4,9.5,49.1,pigeonpeas,29.9
20.0,129.0,175.0,23.2,92.0,6.0,111.9,2,49.3,apple,97.0
110.0,35.0,193.0,44,14,8.37,300,12.3,34.8,jute,38.5
0,20.0,12.0,36.4,23.2,8.31,226.8,11.1,62.8,mango,36.4
19.0,140.0,205,22.4,92.2,6.07,128.2,14.5,23.4,apple,92.0
43.0,6.0,12.0,31.7,100,6.64,288.2,4.0,62.5,coconut,48.1
108.0,41.0,24.0,23.3,85.9,6.91,80.1,14.4,53.3,cotton,98
20.0,23.0,40.0,20.8,89.6,5.87,98.1,9.6,28.9,pomegranate,95.3
15.0,65.0,15.0,19.1,20.3,5.65,77.4,14.0,25.8,kidneybeans,92.6
32.0,33.0,40.0,25.8,81.8,7.1,101.2,16.3,39.5,pomegranate,62.3
140,10.0,26.0,27.9,66.8,5.81,196.2,19.6,61.7,coffee,65.6
22.0,145,205,25.9,100,4.19,194.1,12.1,58.9,apple,65.1
117.0,30.0,18.0,19.9,60.0,6.6,51.2,13.0,52.0,jute,41.0
86.0,30.0,29.0,24.7,59.0,6.93,139.8,11.9,42.8,coffee,98
40.0,76.0,17.0,29.5,62.8,6.97,78.3,7.8,90,blackgram,92.8
121.0,5,205,8.1,92.9,8.18,300,11.6,41.4,coconut,33.2
37.0,6.0,8.0,22.4,72.2,6.49,96.4,15.9,50.8,mothbeans,42.7
17.0,22.0,31.0,29.0,49.8,5.86,88.0,3.1,73.8,mango,98
107.0,14.0,40.0,24.3,88.1,6.43,47.9,9.8,63.3,watermelon,96.1
126.0,24.0,31.0,23.2,33.5,7.26,10,13.1,50.6,coffee,69.8
14.0,128.0,169.0,22.8,86.6,5.93,67.5,14.0,36.2,grapes,94.6
17.0,63.0,15.0,24.4,62.6,6.81,44.2,8.4,47.2,lentil,98
73.0,6.0,17.0,42.2,86.7,8.71,10,18.5,47.6,apple,29.8
9.0,54.0,23.0,26.1,72.5,6.08,45.2,16.5,58.7,mungbean,76.9
100.0,17.0,52.0,28.5,92.8,6.15,16.5,18.8,34.2,muskmelon,92.8
21.0,44.0,16.0,27.3,55.9,6.91,56.2,2.1,40.0,mothbeans,93.8
28.0,18.0,77.0,30.4,76.8,5.78,17.8,14.4,44.9,papaya,35.7
97.0,16.0,5,8.9,14,4.47,10,2,55.3,papaya,20.0
140,24.0,34.0,33.3,75.8,7.13,53.1,13.4,60.5,muskmelon,50.4
28.0,145.0,198.0,25.7,81.8,5.73,78.0,14.0,60.2,grapes,97.0
18.0,68.0,20.0,20.0,23.0,5.97,74.2,6.8,32.1,kidneybeans,93.8
18.0,18.0,44.0,22.2,89.0,6.02,114.7,7.8,65.8,pomegranate,95.3
22.0,50.0,18.0,28.9,85.9,6.78,54.0,12.4,59.7,mungbean,93.5
82.0,43.0,24.0,22.5,61.6,6.5,78.1,11.8,50.4,maize,96.0
12.0,23.0,17.0,20.9,81.3,8.02,79.4,20.9,34.7,lentil,51.8
111.0,16.0,46.0,25.0,83.7,6.41,45.3,13.1,51.8,watermelon,96.9
88.0,43.0,38.0,24.6,83.4,6.4,215.2,14.8,40.5,rice,93.2
49.0,72.0,70.0,20.0,14.8,7.27,90.3,21.1,51.6,chickpea,95.7
140,27.0,39.0,18.3,96.1,8.03,18.2,8.7,62.5,watermelon,45.0
18.0,119.0,205,24.1,80.7,6.21,74.1,10.1,64.7,grapes,96.5
0,15.0,5,44,100,4.44,10,11.4,57.5,chickpea,24.1
94.0,39.0,46.0,27.1,100,6.8,300,15.8,33.4,rice,80.0
19.0,126.0,35.0,11.0,14.4,8.31,10,11.2,58.9,orange,29.1
139.0,5,5,43.1,97.9,3.78,26.1,17.3,68.3,papaya,33.0
2.0,15.0,8.0,29.1,71.1,6.31,51.1,18.0,28.6,orange,51.0
40.0,59.0,10.0,34.6,66.1,6.86,57.9,16.3,67.5,pigeonpeas,46.2
25.0,60.0,121.0,20.9,91.5,5.62,119.8,17.4,34.4,grapes,53.8
47.0,56.0,73.0,16.2,17.1,7.43,79.3,3.4,39.6,chickpea,97.4
13.0,31.0,64.0,27.4,27.6,5.25,155.8,7.4,53.0,mango,55.5
20.0,16.0,43.0,18.9,86.8,6.23,100.1,12.6,48.9,pomegranate,93.0
136.0,42.0,5,41.7,96.7,3.5,27.3,14.3,54.0,rice,36.9
18.0,20.0,32.0,33.6,64.2,6.17,112.0,13.2,42.5,mothbeans,53.6
101.0,26.0,36.0,26.6,59.2,6.85,117.5,12.6,71.4,coffee,90.1
123.0,5,197.0,39.1,14,3.5,10,17.8,48.8,jute,22.7
20.0,22.0,10.0,8,15.5,3.88,10.7,13.9,62.8,lentil,36.3
28.0,99.0,48.0,36.9,77.8,5.52,43.0,11.5,50.0,papaya,50.9
0,17.0,42.0,12.5,100,8.62,10,12.8,41.1,apple,25.8
29.0,54.0,135.0,26.6,94.9,7.16,22.2,16.3,47.6,grapes,51.5
63.0,33.0,26.0,39.7,100,7.38,241.7,11.1,42.2,papaya,53.5
65.0,145,205,42.7,99.0,8.47,10.1,6.6,60.2,coconut,30.8
32.0,22.0,58.0,23.8,70.4,5.19,124.4,19.2,54.1,pomegranate,60.9
53.0,15.0,24.0,28.6,67.8,7.21,32.0,5.9,66.0,watermelon,63.2
3.0,31.0,29.0,22.7,29.8,7.26,45.9,10.7,47.0,mango,48.8
22.0,91.0,28.0,23.1,35.5,4.68,230.1,15.6,65.4,pigeonpeas,62.3
61.0,109.0,28.0,35.5,69.2,6.37,138.9,12.6,38.6,blackgram,52.9
22.0,120.0,25.0,43.0,95.4,8.34,28.7,16.0,77.9,pigeonpeas,39.4
17.0,71.0,17.0,23.8,67.4,6.91,53.6,20.0,27.9,lentil,93.3
51.0,30.0,98.0,24.5,70.0,5.83,21.3,13.0,40.4,muskmelon,45.0
32.0,67.0,12.0,33.8,63.0,6.21,10,2.4,45.4,pigeonpeas,64.1
18.0,145,62.0,13.4,100,8.37,10,12.2,38.5,mango,32.8
16.0,20.0,47.0,21.6,91.3,6.2,97.4,10.5,79.5,pomegranate,94.5
20.0,47.0,18.0,26.9,56.3,6.9,62.0,7.7,22.8,mothbeans,97.2
0,5,26.0,44,100,8.23,292.0,15.0,37.4,apple,25.6
52.0,62.0,44.0,33.5,94.6,6.54,119.4,14.7,34.2,papaya,95.9
6.0,116.0,139.0,40.6,98.6,3.96,27.7,11.9,66.3,watermelon,29.8
27.0,5,188.0,10.3,15.9,8.68,30.8,21.1,27.8,blackgram,31.7
140,8.0,5,40.3,14,3.79,30.7,20.1,60.2,muskmelon,39.5
126.0,19.0,13.0,8.5,88.7,3.87,15.8,17.6,37.7,coconut,41.8
28.0,52.0,25.0,26.8,58.8,6.84,51.9,14.0,28.2,mothbeans,94.9
46.0,69.0,19.0,30.3,64.1,7.06,70.1,16.2,44.7,blackgram,91.8
25.0,145,205,41.9,100,4.27,266.3,13.1,41.3,rice,35.9
20.0,32.0,65.0,38.6,100,5.87,209.5,6.1,29.7,papaya,50.5
14.0,70.0,21.0,24.2,63.9,6.78,47.7,16.7,54.2,lentil,95.8
36.0,145,205,19.2,68.0,7.43,10,8.5,90,grapes,46.9
6.0,145,5,11.1,96.0,8.57,283.9,17.0,37.4,apple,40.7
97.0,16.0,51.0,28.4,88.9,6.31,15.1,15.2,52.0,muskmelon,89.6
39.0,54.0,25.0,21.6,94.7,6.8,85.1,15.9,48.2,mungbean,66.2
73.0,40.0,15.0,22.7,68.7,6.17,80.2,18.3,19.3,maize,93.9
20.0,29.0,26.0,30.5,49.9,5.92,79.1,15.0,43.3,mango,95.6
9.0,145,205,42.9,87.2,8.88,264.3,11.0,55.3,banana,28.9
134.0,21.0,190.0,41.1,96.3,3.5,21.6,6.8,48.9,banana,29.0
8.0,31.0,5,43.1,19.9,8.66,300,2,49.0,pomegranate,26.9
132.0,120.0,26.0,40.0,19.9,4.29,273.9,7.4,52.6,muskmelon,33.0
21.0,48.0,16.0,28.0,90.1,6.72,40.1,11.5,47.9,mungbean,93.5
31.0,14.0,77.0,32.8,100,5.63,14.0,8.9,53.7,muskmelon,55.6
0,145,192.0,38.6,99.7,8.45,300,10.4,60.0,mungbean,24.3
72.0,50.0,15.0,22.6,60.2,6.37,81.2,4.3,30.9,maize,94.7
117.0,26.0,53.0,25.6,85.6,6.63,60.0,13.1,41.3,watermelon,92.6
140,13.0,41.0,33.5,60.6,5.05,10,8.1,53.4,banana,42.5
69.0,38.0,7.0,21.7,93.0,6.35,131.8,9.1,33.0,cotton,64.3
140,145,181.0,9.3,16.2,8.42,10,8.2,49.9,cotton,31.8
140,5,5,44,16.4,8.65,27.9,2,39.0,pigeonpeas,22.2
110.0,20.0,36.0,25.8,57.5,6.65,149.0,16.5,28.7,coffee,92.5
97.0,38.0,36.0,20.2,64.9,7.55,62.4,11.8,66.3,rice,64.7
78.0,53.0,23.0,23.1,61.3,6.35,105.0,21.8,58.7,maize,94.8
26.0,83.0,31.0,19.4,21.8,5.8,103.3,12.2,52.2,kidneybeans,91.3
23.0,39.0,44.0,42.8,22.7,8.52,10,8.9,58.1,jute,41.0
35.0,23.0,38.0,32.1,80.0,7.09,71.5,6.5,58.2,coconut,41.6
21.0,5,5,42.7,100,3.77,265.6,2,35.2,orange,48.3
5.0,57.0,5,23.0,14,5.94,41.7,13.8,57.1,kidneybeans,68.2
114.0,125.0,189.0,42.9,14,3.73,258.7,15.3,22.2,kidneybeans,30.6
102.0,29.0,32.0,25.7,57.6,6.89,158.0,8.8,58.6,coffee,94.7
26.0,31.0,85.0,30.3,100,5.9,54.2,15.2,57.7,papaya,42.9
66.0,51.0,23.0,21.5,64.0,6.23,93.9,14.8,69.1,maize,94.8
112.0,44.0,41.0,19.9,65.3,7.17,66.5,7.8,59.0,jute,61.7
99.0,32.0,28.0,25.7,56.6,6.72,175.7,13.4,57.6,coffee,93.7
122.0,5,176.0,43.3,19.0,8.63,262.0,5.5,38.1,chickpea,30.7
33.0,131.0,182.0,22.7,83.2,6.05,69.5,16.3,52.7,grapes,90.0
24.0,5,12.0,8.8,15.7,4.1,35.8,7.0,35.3,banana,20.4
26.0,125.0,20.0,19.5,43.5,5.96,53.3,13.1,62.9,lentil,60.4
82.0,55.0,43.0,23.8,80.7,6.2,240.3,18.6,50.6,rice,94.8
18.0,55.0,20.0,27.6,44.0,5.9,159.8,8.4,53.6,pigeonpeas,93.1
140,5,193.0,13.1,14,8.48,10,12.6,67.0,coffee,25.4
108.0,85.0,53.0,27.3,80.8,6.2,112.8,15.7,45.0,banana,95.4
27.0,127.0,201.0,21.7,79.4,6.31,72.8,11.1,35.0,grapes,94.7
20.0,23.0,39.0,20.6,90.5,5.78,108.2,12.4,37.1,pomegranate,96.9
89.0,43.0,46.0,26.0,81.0,6.65,213.2,7.1,70.4,jute,92.8
51.0,25.0,19.0,19.7,67.4,7.99,137.4,7.9,44.4,cotton,53.2
23.0,66.0,25.0,27.9,44.6,5.9,164.3,15.1,54.5,pigeonpeas,96.6
0,137.0,8.0,39.9,91.2,8.78,13.3,5.8,43.0,coffee,23.0
17.0,16.0,29.0,27.1,93.3,6.07,210.0,14.9,43.0,coconut,92.9
26.0,121.0,205,21.2,91.9,6.11,106.6,17.3,44.0,apple,94.2
20.0,75.0,18.0,18.8,23.2,5.61,103.4,12.5,73.5,kidneybeans,94.5
81.0,63.0,28.0,32.8,67.5,7.23,91.4,11.5,54.4,cotton,68.4
21.0,129.0,202.0,24.8,85.2,6.12,61.1,15.8,56.3,grapes,95.9
17.0,74.0,10.0,29.6,95.1,5.19,131.2,14.0,56.5,jute,34.1
140,8.0,33.0,28.5,99.2,6.58,71.0,12.7,80.5,watermelon,59.5
8.0,145,160.0,8.6,14.2,4.11,252.7,9.0,14.6,apple,41.2
16.0,54.0,205,19.7,70.5,5.92,176.7,11.3,55.7,apple,60.6
137.0,18.0,5,10.8,14,4.42,277.4,11.2,57.7,orange,40.5
90.0,27.0,23.0,23.9,59.6,6.62,167.8,15.5,63.6,coffee,94.5
10.0,25.0,21.0,21.2,68.9,5.73,15.6,3.0,41.6,mungbean,48.0
140,145,5,13.4,89.0,4.59,42.2,21.4,68.5,maize,38.6
130.0,145,196.0,8,14,4.15,19.5,16.9,40.0,chickpea,34.3
81.0,50.0,38.0,24.9,78.1,6.65,183.6,13.0,47.9,jute,93.6
134.0,5,173.0,41.8,14,4.03,10,8.6,60.9,jute,19.4
110.0,5,205,44,14,3.97,44.2,17.3,41.1,mungbean,32.7
40.0,66.0,85.0,19.0,18.1,7.38,85.0,10.1,81.9,chickpea,97.2
104.0,139.0,7.0,10.4,19.4,8.18,300,15.7,39.8,grapes,34.0
140.0,117.0,179.0,12.0,99.8,3.5,10,11.5,49.2,papaya,25.9
114.0,5,6.0,44,14.1,8.99,10,14.1,39.9,apple,17.6
18.0,27.0,10.0,29.3,100,6.71,49.5,13.6,66.3,orange,60.8
4.0,5,205,40.4,100,4.07,286.8,13.7,44.7,mothbeans,21.2
21.0,47.0,21.0,27.4,87.1,6.43,52.5,13.4,51.9,mungbean,90.8
21.0,81.0,205,29.1,78.5,5.55,199.9,6.1,35.7,apple,56.3
112.0,55.0,18.0,23.6,75.0,6.6,82.4,16.8,68.8,cotton,97.0
118.0,60.0,34.0,26.3,91.9,6.6,75.5,9.5,45.1,rice,78.1
0,105.0,5,42.3,94.5,7.87,270.8,3.8,56.5,blackgram,30.2
19.0,5,185.0,8,17.7,4.01,10,12.1,22.3,maize,23.1
80.0,53.0,41.0,24.5,79.6,6.72,162.4,7.9,62.9,jute,97.9
35.0,145,205,18.5,100,5.8,174.6,12.4,59.1,apple,68.1
96.0,65.0,53.0,27.4,81.2,6.11,100.8,3.3,59.0,banana,93.7
140,5,48.0,8,14,4.32,300,10.8,45.5,cotton,28.8
41.0,76.0,21.0,30.0,33.7,5.52,240.3,12.0,29.1,pigeonpeas,64.3
3.0,53.0,205,19.9,81.6,7.27,228.5,8.5,18.9,apple,38.0
20.0,36.0,30.0,30.5,49.7,6.13,87.8,14.3,59.4,mango,94.7
21.0,69.0,5,19.5,25.9,7.79,12.0,5.2,48.8,mothbeans,44.0
29.0,43.0,17.0,34.3,100,7.24,22.8,10.1,61.2,mungbean,72.0
36.0,138.0,205,8.5,17.3,8.7,265.2,12.5,45.7,cotton,17.2
94.0,73.0,56.0,27.1,80.9,6.21,119.2,19.3,62.5,banana,92.1
19.0,65.0,13.0,27.1,51.1,5.82,136.9,16.1,32.3,pigeonpeas,98
28.0,124.0,44.0,22.6,33.1,6.53,109.1,9.7,51.6,chickpea,58.0
11.0,145,14.0,10.4,100,8.16,60.8,12.3,52.9,watermelon,33.0
120.0,38.0,18.0,23.9,81.4,6.96,97.3,14.4,28.2,cotton,94.8
109.0,99.0,64.0,17.2,97.2,5.75,116.6,11.0,58.6,rice,53.0
76.0,50.0,37.0,25.2,82.2,6.86,171.0,15.6,53.7,jute,97.1
103.0,20.0,48.0,25.9,81.7,6.54,60.2,9.3,22.2,watermelon,97.8
26.0,144.0,205,9.4,14,3.85,269.3,15.8,57.5,muskmelon,24.1
71.0,52.0,28.0,23.5,82.8,6.7,237.2,17.0,44.0,rice,93.3
43.0,42.0,139.0,24.0,36.9,6.26,30.6,9.4,34.6,chickpea,52.1
112.0,145,14.0,42.3,17.8,4.03,10,5.0,83.5,jute,23.2
0,12.0,150.0,11.3,100,3.74,274.9,6.7,60.7,rice,32.4
140,15.0,75.0,37.6,79.3,5.17,41.7,9.6,20.7,muskmelon,42.0
18.0,70.0,205,16.5,100,5.42,83.2,16.7,41.4,apple,68.9
21.0,55.0,18.0,28.8,56.8,6.77,52.5,15.2,56.5,mothbeans,93.2
140,28.0,69.0,15.9,97.4,7.45,42.0,4.2,42.2,rice,41.5
85.0,85.0,55.0,27.4,81.2,6.01,126.9,13.3,77.0,banana,95.6
111.0,5,33.0,17.6,65.8,7.03,126.9,13.5,53.2,rice,61.5
0,39.0,58.0,37.1,63.5,7.16,156.6,2,53.4,mango,38.2
105.0,96.0,190.0,8.3,93.4,4.16,255.2,13.7,62.7,mungbean,28.2
0,145,5,44,99.1,7.98,29.7,3.8,57.3,rice,25.7
118.0,137.0,8.0,41.0,14,9.04,274.3,7.3,36.2,watermelon,33.2
24.0,129.0,204.0,23.0,92.5,6.26,106.8,15.7,31.0,apple,92.5
10.0,47.0,26.0,33.9,59.2,6.08,104.2,12.6,65.4,mothbeans,65.8
22.0,16.0,25.0,27.9,91.1,6.11,176.6,17.6,62.6,coconut,97.1
23.0,68.0,27.0,27.4,44.5,5.85,161.2,8.8,27.1,pigeonpeas,95.0
26.0,30.0,32.0,31.7,49.3,6.01,106.3,16.8,31.0,mango,95.1
132.0,29.0,45.0,21.2,67.2,7.32,10.2,12.3,69.7,watermelon,56.0
75.0,50.0,40.0,25.4,78.7,6.54,230.6,11.5,78.5,rice,95.0
18.0,76.0,20.0,24.2,69.4,6.87,51.9,2.9,33.4,lentil,93.6
25.0,45.0,18.0,29.5,57.0,6.99,44.0,10.5,45.0,mothbeans,95.6
11.0,5,22.0,10.2,100,8.66,34.9,13.5,54.5,rice,27.9
36.0,71.0,31.0,24.8,74.4,6.23,98.5,8.0,54.0,mothbeans,47.9
24.0,132.0,205,20.5,92.2,6.11,130.0,8.6,47.3,apple,93.6
35.0,26.0,27.0,30.5,79.2,6.55,87.9,11.8,35.2,coconut,53.2
83.0,43.0,34.0,22.2,82.6,6.47,253.4,16.0,47.1,rice,97.7
36.0,67.0,28.0,32.8,94.2,7.77,299.5,10.8,50.2,jute,38.8
44.0,114.0,13.0,18.9,42.3,7.86,10,7.4,24.5,lentil,37.7
140,27.0,19.0,24.0,94.7,6.06,80.5,11.3,55.1,banana,52.6
132.0,40.0,5,11.9,17.6,3.74,43.0,16.2,30.6,papaya,27.5
11.0,15.0,38.0,20.1,90.7,5.86,80.8,7.9,38.0,pomegranate,96.2
23.0,26.0,31.0,30.7,51.1,5.79,97.8,12.0,57.0,mango,95.4
33.0,145,117.0,17.2,91.5,5.07,51.8,2,49.0,grapes,57.0
71.0,61.0,64.0,30.1,100,7.23,222.0,15.4,54.3,papaya,70.4
140,12.0,5,8,90.0,8.46,276.2,12.5,61.0,blackgram,21.9
38.0,92.0,10.0,24.7,86.7,8.15,13.6,7.0,43.5,blackgram,50.3
128.0,48.0,23.0,23.6,75.8,6.72,68.7,16.9,34.3,cotton,93.8
22.0,13.0,41.0,17.1,100,6.14,29.1,8.6,50.1,pomegranate,75.3
29.0,22.0,48.0,29.2,95.9,5.54,75.1,9.2,59.7,rice,58.5
38.0,86.0,49.0,36.9,100,7.74,81.4,8.9,45.8,papaya,68.7
38.0,6.0,38.0,39.8,14.5,4.25,294.4,16.3,55.3,pomegranate,31.5
18.0,64.0,25.0,27.6,49.7,5.94,128.7,14.5,48.6,pigeonpeas,95.7
65.0,51.0,22.0,20.8,96.9,6.31,53.6,3.9,31.1,banana,50.1
26.0,64.0,20.0,23.8,60.7,7.17,60.7,17.9,59.1,mothbeans,84.0
140,116.0,184.0,10.7,99.7,8.88,18.1,2,22.2,apple,45.7
16.0,16.0,49.0,24.4,28.8,7.34,150.7,12.8,72.8,mango,46.2
82.0,49.0,16.0,22.9,64.1,6.33,91.8,15.6,45.2,maize,96.5
79.0,38.0,35.0,23.4,77.9,6.77,180.1,15.4,53.1,jute,94.1
68.0,43.0,35.0,25.1,76.9,6.94,195.0,3.0,30.4,jute,94.0
20.0,46.0,31.0,31.7,79.8,7.23,63.5,14.0,59.8,lentil,62.8
20.0,50.0,27.0,28.6,86.5,6.67,49.7,8.1,68.8,mungbean,93.8
12.0,81.0,20.0,22.2,23.0,6.01,122.2,16.1,53.8,kidneybeans,95.4
140,5,181.0,8.6,100,8.89,10,11.9,50.2,rice,25.0
102.0,32.0,28.0,26.0,58.9,6.77,139.7,15.8,59.3,coffee,92.0
0,135.0,5,38.8,14.8,4.01,300,14.7,38.0,cotton,22.3
17.0,58.0,22.0,22.6,72.1,6.94,43.0,2,77.9,lentil,95.2
12.0,16.0,46.0,21.4,88.5,6.38,115.9,20.7,62.9,pomegranate,97.9
19.0,38.0,14.0,27.8,52.5,6.85,67.7,13.8,39.4,mothbeans,91.6
17.0,145,196.0,43.6,15.3,3.7,10,10.0,84.4,lentil,35.7
85.0,35.0,5,19.6,92.5,7.99,43.1,10.3,74.5,cotton,67.3
140,145,36.0,42.0,97.7,8.39,236.0,10.6,40.6,apple,41.8
38.0,75.0,146.0,17.9,100,4.58,136.1,8.5,55.3,apple,54.3
43.0,11.0,39.0,32.9,70.6,6.0,300,11.7,75.6,coffee,37.6
88.0,17.0,58.0,24.4,84.2,6.65,54.8,6.2,32.0,watermelon,92.8
20.0,67.0,25.0,18.3,25.4,5.54,85.4,13.4,34.1,kidneybeans,97.5
133.0,111.0,5,9.5,19.4,8.37,10,11.1,47.6,pomegranate,19.4
0,90.0,36.0,11.2,99.9,3.53,10,14.7,32.8,banana,37.9
22.0,26.0,31.0,29.8,52.9,6.4,113.4,9.0,46.6,mango,94.2
18.0,21.0,33.0,23.3,90.1,5.85,118.0,22.1,33.0,pomegranate,96.7
92.0,58.0,17.0,27.2,64.0,6.75,300,10.0,54.0,rice,76.0
78.0,57.0,23.0,22.8,61.1,6.08,79.2,8.4,57.1,maize,95.0
41.0,105.0,5,18.7,54.1,6.26,13.1,12.9,66.4,lentil,39.0
17.0,17.0,10.0,23.2,92.0,6.72,122.3,10.4,39.8,orange,92.2
91.0,61.0,28.0,17.0,78.2,7.48,10,2.9,42.9,maize,78.4
25.0,145,184.0,41.9,100,3.56,277.7,14.9,66.2,lentil,31.3
51.0,62.0,57.0,34.5,92.7,6.34,124.1,4.1,27.6,papaya,95.2
17.0,117.0,22.0,8.5,97.0,4.33,284.4,10.2,33.0,mango,38.8
99.0,48.0,24.0,24.9,75.0,7.13,74.5,10.6,41.1,cotton,97.4
75.0,47.0,39.0,24.1,79.2,6.61,179.4,19.0,32.7,jute,98
10.0,127.0,39.0,27.2,68.0,6.91,48.1,17.1,69.0,banana,52.1
34.0,133.0,38.0,32.1,28.4,4.95,86.3,18.2,45.0,pigeonpeas,46.7
0,115.0,185.0,41.4,16.3,3.93,34.8,13.8,56.3,watermelon,29.7
1.0,145,196.0,43.6,97.8,8.57,18.5,3.5,51.5,coffee,17.3
7.0,5,33.0,8.2,99.7,8.5,36.1,5.4,68.4,lentil,35.0
70.0,44.0,39.0,24.7,79.3,6.74,170.2,8.0,37.1,jute,93.3
18.0,29.0,5,23.2,14,4.84,217.6,11.3,60.7,kidneybeans,54.2
94.0,30.0,30.0,26.2,58.5,6.72,176.7,17.3,78.1,coffee,95.8
103.0,32.0,25.0,25.4,58.3,6.87,150.7,6.1,61.5,coffee,95.1
0,145,205,11.5,25.4,3.86,36.8,12.2,48.3,mothbeans,31.5
45.0,39.0,35.0,38.3,70.8,7.83,17.8,2,72.9,blackgram,58.8
24.0,18.0,61.0,26.6,100,5.96,91.9,10.7,65.1,papaya,51.5
18.0,46.0,21.0,30.6,85.4,6.77,35.8,20.5,49.3,mungbean,93.0
16.0,73.0,21.0,24.4,63.5,7.0,61.6,16.8,43.7,lentil,91.5
18.0,51.0,23.0,27.4,55.6,6.84,46.4,11.2,64.1,mothbeans,96.1
0,23.0,5,40.0,66.7,5.36,157.2,13.2,54.3,mango,44.5
19.0,64.0,26.0,24.6,61.8,6.89,50.5,19.6,46.9,lentil,93.2
13.0,13.0,36.0,22.0,88.2,6.3,98.4,2,75.6,pomegranate,93.6
27.0,135.0,205.0,21.2,90.5,6.04,98.0,14.7,51.4,apple,95.5
25.0,30.0,51.0,22.4,100,4.87,267.1,2,48.4,coconut,45.9
0,23.0,193.0,11.6,19.7,4.42,10.9,19.3,33.9,rice,27.9
18.0,44.0,22.0,29.1,53.4,6.86,51.1,12.4,51.8,mothbeans,96.4
23.0,72.0,24.0,13.8,47.1,5.01,119.5,11.2,56.4,maize,62.5
59.0,48.0,22.0,21.7,64.5,6.41,92.2,10.6,67.2,maize,94.2
112.0,145,5,39.7,97.1,8.88,250.9,10.8,37.4,coffee,36.7
32.0,98.0,29.0,17.3,80.4,7.47,52.2,2,57.6,lentil,56.1
16.0,24.0,10.0,31.3,74.0,7.39,85.7,15.4,75.0,mungbean,64.7
101.0,15.0,33.0,28.3,93.2,6.34,20.8,11.6,64.9,muskmelon,90.6
13.0,44.0,24.0,27.0,35.6,4.76,89.7,12.2,67.5,kidneybeans,66.2
13.0,65.0,20.0,27.5,51.1,5.58,183.0,16.1,35.7,pigeonpeas,90.1
140,134.0,181.0,8,95.5,9.23,17.9,4.2,59.4,mango,18.3
2.0,14.0,15.0,28.6,100,7.27,203.0,7.6,24.8,pomegranate,41.1
94.0,80.0,49.0,25.3,78.2,5.87,114.8,20.7,50.5,banana,94.5
140,145,20.0,38.8,18.5,8.86,47.7,10.8,67.7,pomegranate,20.5
20.0,111.0,31.0,30.9,83.6,7.92,13.2,15.2,55.2,lentil,39.3
5.0,107.0,205,40.9,14,3.82,266.3,9.9,64.9,coconut,20.4
0,130.0,5,41.7,100,4.12,280.1,15.5,48.3,coconut,30.2
13.0,5,5,37.6,100,3.88,17.6,10.7,66.7,pigeonpeas,34.0
24.0,134.0,184.0,22.4,93.5,5.56,120.2,8.7,55.4,apple,95.3
112.0,5,205,10.5,16.6,8.21,10.2,8.3,46.5,chickpea,39.9
56.0,59.0,51.0,32.2,91.5,6.67,139.9,19.1,27.4,papaya,98
42.0,5,29.0,27.2,72.8,6.63,91.4,17.4,41.8,watermelon,46.1
26.0,57.0,64.0,19.7,68.0,7.37,293.1,3.0,57.6,coffee,32.7
13.0,7.0,44.0,23.9,33.0,4.69,56.2,7.9,43.6,mango,45.6
99.0,17.0,46.0,27.0,91.4,6.5,24.0,19.9,62.7,muskmelon,97.0
140,5,5,42.2,94.9,3.5,10,17.3,41.6,grapes,19.9
123.0,5,5,42.3,89.3,8.88,269.9,10.2,21.8,mungbean,34.4
23.0,18.0,35.0,27.5,94.1,6.05,200.0,20.5,38.2,coconut,96.4
87.0,31.0,27.0,26.4,57.8,7.15,175.7,7.3,32.1,coffee,92.4
140,110.0,170.0,40.6,100,3.73,268.1,13.5,25.7,coffee,23.6
117.0,18.0,40.0,28.9,92.7,6.57,23.7,15.4,59.6,muskmelon,94.8
120.0,9.0,205,13.1,14,4.11,275.3,11.2,73.4,lentil,18.6
41.0,41.0,16.0,25.3,64.3,6.74,236.9,9.1,42.7,pigeonpeas,55.3
36.0,73.0,81.0,19.2,15.7,7.34,87.4,6.5,63.5,chickpea,97.5
51.0,70.0,18.0,31.3,63.3,7.19,72.1,9.9,45.6,blackgram,96.7
21.0,45.0,14.0,28.9,81.1,6.59,44.5,13.6,54.0,mungbean,98
13.0,41.0,10.0,22.5,66.1,7.36,276.6,12.8,46.1,coffee,50.7
12.0,6.0,42.0,32.9,100,5.6,41.7,7.5,64.5,coconut,55.8
16.0,12.0,19.0,25.0,78.8,6.61,115.0,8.1,56.7,coconut,73.8
43.0,57.0,81.0,16.2,14,7.1,60.3,19.5,59.3,chickpea,94.4
33.0,65.0,85.0,17.9,17.1,7.29,75.5,5.7,51.4,chickpea,94.0
12.0,28.0,16.0,22.4,100,5.78,293.2,13.1,12.6,coconut,48.5
22.0,74.0,19.0,27.7,50.3,5.46,142.6,18.0,46.6,pigeonpeas,95.1
29.0,92.0,15.0,28.3,64.4,5.93,89.8,2.6,41.7,lentil,65.0
30.0,144.0,16.0,10.5,24.4,4.04,21.5,16.8,36.2,maize,33.4
15.0,47.0,22.0,28.4,84.9,6.72,46.8,12.7,61.0,mungbean,96.2
114.0,145,181.0,38.1,14,8.13,10,15.2,59.8,orange,20.7
97.0,17.0,55.0,26.4,86.0,6.75,61.2,3.8,16.7,watermelon,96.1
43.0,5,32.0,23.2,71.5,7.35,84.3,14.1,45.6,mungbean,42.0
0,145,5,42.7,95.4,4.17,285.9,12.2,34.8,apple,48.6
83.0,51.0,38.0,25.0,80.0,6.72,195.1,11.8,23.8,jute,93.6
20.0,63.0,18.0,28.7,50.7,5.63,160.6,17.3,90,pigeonpeas,95.2
48.0,14.0,74.0,33.2,75.4,7.33,18.8,12.4,40.3,muskmelon,53.1
140,145,9.0,40.0,14,8.62,28.7,14.0,57.1,mungbean,35.3
140,139.0,198.0,42.2,95.4,7.89,12.0,18.0,44.6,mungbean,27.9
32.0,118.0,9.0,35.8,50.6,6.3,18.6,6.2,47.4,blackgram,45.0
100.0,18.0,50.0,25.8,92.4,6.11,26.5,12.2,73.7,muskmelon,93.0
2.0,35.0,5,13.8,31.4,4.84,34.8,16.9,40.5,kidneybeans,46.7
45.0,70.0,27.0,33.7,68.3,7.68,29.5,12.4,13.8,mothbeans,55.9
20.0,14.0,9.0,23.1,93.4,7.11,110.6,22.2,39.2,orange,93.9
35.0,38.0,26.0,21.9,38.4,5.66,10,15.2,68.4,mothbeans,56.8
26.0,48.0,19.0,27.9,48.0,6.89,56.9,7.9,53.4,mothbeans,96.3
28.0,17.0,19.0,29.5,75.2,7.32,12.6,17.5,26.4,orange,54.1
43.0,65.0,22.0,30.6,66.4,7.24,69.5,4.2,43.2,blackgram,95.2
38.0,145,89.0,24.7,100,4.85,187.1,11.3,85.4,apple,47.9
84.0,50.0,34.0,23.1,82.1,6.5,246.2,9.6,32.7,rice,93.4
20.0,134.0,202.0,8,14,3.78,27.5,7.6,27.8,pigeonpeas,32.6
117.0,23.0,78.0,22.4,73.2,7.3,10,7.6,49.0,muskmelon,51.4
23.0,112.0,18.0,8,14,8.49,265.5,14.0,20.8,jute,26.8
25.0,17.0,17.0,20.2,84.1,5.64,81.4,5.0,42.4,lentil,51.0
13.0,145,92.0,18.8,70.2,7.17,111.2,6.2,24.7,grapes,47.3
82.0,87.0,43.0,26.8,81.4,6.21,118.4,20.4,37.7,banana,95.6
18.0,144.0,205,24.3,94.0,6.15,109.9,8.7,45.8,apple,93.6
10.0,22.0,39.0,21.6,93.3,6.13,105.8,16.0,23.2,pomegranate,91.3
124.0,43.0,205,41.5,97.0,8.61,34.9,14.8,68.2,papaya,38.7
111.0,47.0,21.0,25.8,78.8,7.08,65.7,16.3,30.5,cotton,98
24.0,104.0,203.0,42.1,15.5,7.85,27.7,15.4,64.3,muskmelon,30.7
91.0,31.0,24.0,29.1,75.2,7.29,259.0,18.0,54.0,papaya,37.2
28.0,45.0,21.0,29.1,87.1,6.67,51.6,11.5,59.6,mungbean,94.1
81.0,41.0,41.0,22.8,83.5,6.4,276.0,13.4,70.5,rice,92.4
18.0,128.0,32.0,13.8,17.1,3.91,10,7.6,46.9,cotton,26.7
22.0,28.0,205,41.7,100,4.28,289.3,11.0,52.8,pomegranate,42.1
63.0,38.0,52.0,34.7,93.0,6.8,156.2,10.9,38.9,papaya,91.5
91.0,26.0,46.0,28.3,92.3,6.2,32.9,13.2,31.2,muskmelon,90.6
120.0,15.0,5,10.4,14,8.19,30.0,6.5,46.7,orange,43.9
43.0,29.0,34.0,23.1,100,7.32,62.7,8.8,50.2,muskmelon,37.3
46.0,75.0,23.0,29.5,62.0,7.38,68.3,14.2,65.5,blackgram,95.1
72.0,46.0,14.0,21.2,62.0,6.69,108.1,14.6,81.9,maize,97.2
19.0,18.0,29.0,27.4,94.5,5.96,151.1,9.7,27.8,coconut,94.2
80.0,16.0,57.0,25.7,84.5,6.88,48.8,13.8,53.4,watermelon,97.4
17.0,57.0,22.0,27.4,55.3,7.13,50.6,11.4,15.8,mothbeans,95.7
4.0,14.0,15.0,38.4,68.3,5.78,39.0,10.8,77.4,mungbean,45.8
64.0,5,205,41.6,93.5,8.66,14.1,8.0,25.7,cotton,29.3
24.0,129.0,205,23.3,81.9,6.04,69.9,9.4,61.3,grapes,96.0
140,138.0,199.0,12.1,98.1,8.67,10,8.5,71.4,papaya,25.3
23.0,13.0,31.0,27.4,93.7,6.19,172.4,20.9,57.0,coconut,98
90.0,57.0,33.0,29.2,79.3,4.94,110.0,18.5,44.2,maize,77.2
33.0,66.0,33.0,28.4,54.4,5.24,160.3,15.8,32.3,maize,64.4
0,145,148.0,14.6,14,8.01,273.5,3.7,49.5,orange,19.1
3.0,98.0,26.0,25.2,49.3,5.77,120.2,6.9,49.5,blackgram,38.1
81.0,131.0,32.0,22.6,100,5.47,207.4,13.7,59.3,banana,50.8
12.0,145,205,27.9,71.9,4.74,212.1,9.7,58.1,apple,46.0
16.0,100.0,26.0,25.2,30.4,7.29,51.1,13.7,43.3,pigeonpeas,58.0
21.0,18.0,43.0,21.1,90.0,6.0,91.3,3.8,58.2,pomegranate,93.2
19.0,125.0,203.0,20.7,93.3,6.09,124.8,16.9,84.2,apple,95.1
20.0,16.0,5,24.1,92.6,6.9,134.9,12.0,34.9,orange,95.6
3.0,37.0,26.0,23.7,33.6,5.14,69.2,11.2,35.2,kidneybeans,68.7
27.0,23.0,25.0,34.4,62.4,7.57,17.8,8.8,51.2,mothbeans,68.2
91.0,145,199.0,42.8,97.4,4.12,16.1,12.0,37.5,mango,20.8
140,38.0,44.0,31.8,79.5,7.18,137.5,8.5,65.4,coffee,56.1
111.0,39.0,24.0,22.7,77.2,7.0,81.5,7.9,60.4,cotton,94.7
98.0,65.0,32.0,22.9,73.6,4.92,22.5,15.9,28.4,banana,58.8
136.0,12.0,186.0,10.1,99.8,8.43,41.0,11.0,44.5,apple,35.2
20.0,14.0,9.0,23.4,90.9,7.05,106.1,12.5,43.3,orange,95.7
18.0,132.0,189.0,23.8,93.5,5.78,121.6,11.8,38.2,apple,95.3
104.0,22.0,34.0,26.5,59.5,6.78,159.9,7.1,52.2,coffee,92.5
44.0,5,51.0,30.1,79.4,5.34,256.0,22.1,40.3,coconut,49.2
140,5,184.0,38.5,14,8.9,20.6,14.2,27.2,blackgram,20.2
23.0,137.0,205,22.1,79.7,6.06,57.8,17.7,38.5,grapes,96.6
62.0,105.0,15.0,34.4,68.6,7.45,159.9,11.1,60.8,banana,48.5
5.0,22.0,38.0,15.0,14,5.65,199.6,8.5,36.2,kidneybeans,49.7
27.0,26.0,27.0,33.8,52.9,5.93,97.9,16.8,57.5,mango,94.2
39.0,70.0,76.0,19.7,14.2,7.01,87.1,5.3,48.2,chickpea,93.2
17.0,27.0,35.0,31.6,48.9,6.04,79.4,15.5,50.0,mango,94.1
8.0,90.0,13.0,32.5,32.6,6.67,10,14.4,20.6,pigeonpeas,55.6
0,5,192.0,10.9,100,4.33,300,10.7,27.0,kidneybeans,19.8
30.0,145,205,16.9,80.5,6.15,39.0,13.5,44.8,apple,62.1
58.0,67.0,48.0,33.9,91.4,6.9,150.2,13.9,42.7,papaya,94.9
17.0,36.0,205,8,14,8.82,291.9,12.4,63.4,pigeonpeas,36.6
0,5,195.0,8.5,14,8.36,15.4,9.3,39.3,lentil,22.5
14.0,7.0,205,43.5,100,4.27,300,18.7,43.2,pomegranate,39.1
90.0,17.0,54.0,29.4,90.8,6.47,23.5,14.7,62.4,muskmelon,93.1
12.0,75.0,23.0,28.6,49.6,5.87,119.2,13.6,55.5,pigeonpeas,93.5
140,5,205,8.9,100,4.26,254.7,9.4,62.8,banana,22.4
0,141.0,23.0,8,18.4,3.5,32.3,14.2,65.3,lentil,43.6
111.0,28.0,25.0,25.6,58.0,6.83,174.2,16.5,36.8,coffee,95.1
108.0,5,179.0,8,90.4,4.01,292.9,12.3,50.9,mothbeans,19.8
40.0,55.0,19.0,29.8,66.7,6.81,68.0,13.7,65.1,blackgram,95.7
41.0,130.0,168.0,41.0,95.9,3.84,300,16.6,41.2,lentil,23.6
26.0,135.0,205,25.2,82.9,5.94,70.9,8.5,57.8,grapes,93.1
22.0,20.0,9.0,22.6,90.9,6.87,108.1,17.5,65.5,orange,91.6
17.0,14.0,26.0,27.0,93.0,6.01,189.2,10.5,43.6,coconut,92.8
29.0,145,205,28.2,89.7,5.0,164.4,19.1,49.3,grapes,66.4
17.0,7.0,56.0,20.0,99.8,6.48,62.3,9.6,56.5,pomegranate,69.9
0,48.0,53.0,13.1,19.5,8.74,300,10.7,46.8,mothbeans,31.3
34.0,124.0,6.0,44,98.8,9.22,10,7.8,67.1,orange,38.0
89.0,89.0,54.0,27.1,80.9,6.39,116.1,15.7,39.5,banana,93.1
79.0,43.0,38.0,24.4,80.8,6.5,248.7,15.7,71.0,rice,93.9
54.0,49.0,30.0,21.3,79.4,5.63,135.5,11.5,38.0,maize,88.7
42.0,96.0,17.0,26.3,76.3,7.87,69.3,7.5,44.5,blackgram,71.5
140,7.0,5,9.8,14.6,8.54,10,12.1,50.1,orange,33.1
31.0,16.0,41.0,27.2,100,5.79,108.4,11.9,38.4,watermelon,59.8
0,143.0,179.0,40.7,91.9,8.28,277.6,6.8,59.3,pigeonpeas,22.3
14.0,33.0,51.0,18.7,67.4,6.92,21.3,8.1,55.8,rice,57.5
60.0,39.0,57.0,17.9,64.2,5.62,287.5,3.6,41.7,jute,46.9
96.0,5,200.0,38.5,100,4.55,28.2,16.9,51.2,mothbeans,27.9
95.0,23.0,50.0,26.4,86.4,6.4,47.8,20.5,42.6,watermelon,95.7
75.0,17.0,65.0,33.8,69.4,5.76,77.9,8.4,78.2,watermelon,60.4
140,32.0,5,10.9,100,7.98,272.8,13.7,43.5,cotton,42.7
20.0,8.0,5,31.5,100,7.73,16.0,23.6,14.9,orange,55.8
106.0,82.0,47.0,30.5,84.1,6.9,17.3,10.6,57.1,maize,57.5
123.0,5,5,39.6,96.7,3.92,252.5,16.4,57.7,papaya,32.3
7.0,145,109.0,15.6,100,5.65,46.1,10.8,72.2,apple,55.1
96.0,18.0,32.0,23.3,78.4,6.8,49.9,18.7,64.9,muskmelon,60.0
140,145,197.0,39.3,14,3.8,11.5,13.7,77.5,cotton,31.8
78.0,49.0,23.0,21.5,63.8,6.34,85.6,19.2,26.3,maize,98
35.0,49.0,49.0,27.4,63.7,5.16,49.6,7.2,25.7,grapes,40.1
27.0,7.0,60.0,19.5,77.9,5.04,29.0,7.3,68.7,pomegranate,43.7
16.0,61.0,15.0,23.2,67.1,6.89,40.0,14.2,40.9,lentil,93.7
3.0,20.0,17.0,29.1,53.7,7.29,10,11.6,60.0,lentil,55.0
49.0,53.0,27.0,31.5,59.3,7.08,112.7,22.6,45.8,cotton,62.6
8.0,10.0,5,11.2,94.5,8.81,271.5,11.8,24.6,banana,22.2
14.0,70.0,21.0,27.6,49.9,5.69,164.5,13.1,45.5,pigeonpeas,98
20.0,5,38.0,8,98.4,3.79,209.7,7.1,24.5,chickpea,27.2
18.0,42.0,21.0,29.0,83.8,6.8,56.8,10.2,47.2,mungbean,93.5
34.0,57.0,26.0,30.0,97.1,5.33,300,14.9,79.2,rice,70.3
112.0,139.0,5,13.3,100,4.41,10.3,16.0,51.5,watermelon,27.4
22.0,13.0,10.0,23.7,93.7,7.25,119.4,15.3,67.0,orange,98
17.0,20.0,34.0,20.4,89.0,5.86,108.2,10.6,26.0,pomegranate,94.8
120.0,122.0,35.0,41.5,14,8.4,25.7,8.2,43.0,rice,37.8
23.0,24.0,40.0,22.0,88.5,6.03,113.3,17.6,65.4,pomegranate,96.6
19.0,69.0,8.0,31.0,53.4,7.65,10,9.0,68.7,lentil,60.6
18.0,129.0,182.0,22.3,92.0,5.56,131.2,9.1,34.3,apple,94.6
123.0,145,205,42.2,18.9,8.4,28.4,19.5,68.9,pigeonpeas,20.1
26.0,60.0,20.0,18.7,20.2,5.54,102.4,2.6,59.2,kidneybeans,95.7
35.0,65.0,124.0,12.3,76.8,5.63,60.7,10.0,35.4,apple,39.2
12.0,42.0,183.0,11.6,15.5,8.7,298.7,13.6,47.6,coffee,23.1
5.0,145,162.0,21.5,60.3,5.17,151.9,8.6,57.3,grapes,52.6
122.0,145,205,40.3,100,3.98,255.8,9.9,58.3,chickpea,22.3
97.0,45.0,42.0,23.3,80.8,6.41,231.1,13.0,18.4,rice,98
21.0,135.0,189.0,22.5,91.5,6.1,78.6,11.5,39.2,apple,96.8
97.0,145,49.0,40.9,20.2,8.15,10,10.3,68.0,pigeonpeas,19.3
113.0,64.0,11.0,26.7,51.2,5.13,37.9,4.7,36.7,maize,82.7
35.0,117.0,5,8,19.4,8.38,300,18.7,56.9,pomegranate,22.7
24.0,70.0,23.0,24.1,64.1,7.28,50.3,6.9,73.6,lentil,96.7
78.0,12.0,56.0,19.1,45.6,7.91,286.1,11.4,49.1,coffee,34.7
17.0,68.0,15.0,23.8,64.9,6.92,30.3,16.6,47.0,lentil,91.1
18.0,47.0,16.0,27.8,56.8,6.82,53.8,11.4,64.8,mothbeans,94.2
7.0,65.0,24.0,19.8,26.0,5.93,97.2,14.3,48.7,kidneybeans,85.8
28.0,88.0,115.0,12.8,14,8.57,134.0,10.5,54.2,chickpea,58.2
129.0,144.0,203.0,10.8,98.1,9.12,22.2,10.9,71.2,orange,29.7
108.0,23.0,55.0,30.5,91.4,6.47,31.9,17.9,56.5,muskmelon,96.0
29.0,22.0,23.0,32.1,50.9,6.08,96.5,4.6,61.0,mango,93.2
117.0,37.0,25.0,26.0,57.4,7.03,170.9,9.2,56.7,coffee,93.1
120.0,5,5,8,23.5,8.76,10,14.3,44.9,mothbeans,24.9
17.0,17.0,11.0,23.8,91.6,6.71,108.4,10.3,49.1,orange,93.1
100.0,75.0,45.0,21.3,60.1,7.5,265.4,12.7,67.2,jute,53.8
18.0,120.0,34.0,12.9,17.4,4.21,28.2,13.6,32.5,banana,29.3
140,39.0,21.0,31.7,79.9,7.26,292.8,3.6,48.3,coffee,49.4
140,43.0,12.0,31.0,42.0,7.01,234.3,14.3,28.8,coffee,44.0
34.0,76.0,83.0,17.9,16.8,7.18,80.3,12.3,44.2,chickpea,92.5
98.0,5,188.0,41.3,16.2,3.59,10,7.5,13.0,coffee,30.2
11.0,134.0,12.0,41.7,100,3.86,34.3,7.2,50.2,apple,41.7
3.0,26.0,32.0,34.7,100,7.6,124.7,10.8,51.3,mungbean,35.0
43.0,126.0,44.0,33.1,64.9,6.72,50.1,8.1,51.1,banana,50.1
13.0,5,166.0,42.8,100,4.03,10,8.5,39.5,coconut,34.7
134.0,139.0,5,44,16.7,8.92,14.2,8.4,72.0,kidneybeans,34.0
30.0,70.0,75.0,20.1,16.3,7.41,94.6,13.1,76.9,chickpea,95.7
98.0,17.0,5,8.5,96.6,8.36,300,2.8,27.8,maize,40.8
94.0,79.0,56.0,27.6,68.7,5.78,115.0,19.6,46.7,rice,71.6
34.0,50.0,48.0,24.5,70.0,6.63,145.5,11.8,41.9,mango,39.7
120.0,44.0,28.0,24.4,79.3,6.93,84.3,12.6,76.8,cotton,92.3
20.0,64.0,19.0,20.2,21.1,5.48,105.4,7.8,52.7,kidneybeans,91.4
117.0,5,5,9.0,22.7,3.69,250.9,5.9,75.5,kidneybeans,34.3
31.0,5,29.0,20.6,66.3,6.46,46.1,13.3,20.1,mungbean,59.4
72.0,52.0,49.0,25.4,72.4,6.54,200.4,13.8,63.5,jute,92.1
135.0,145,192.0,9.9,97.1,3.72,23.2,7.9,45.3,mango,22.6
15.0,24.0,11.0,34.0,70.1,7.87,10,9.4,15.1,mothbeans,49.8
20.0,49.0,17.0,29.2,85.4,6.77,40.5,18.6,44.3,mungbean,96.3
120.0,23.0,55.0,27.7,93.8,6.62,32.1,7.1,79.2,muskmelon,93.2
50.0,66.0,71.0,19.5,15.5,7.31,76.2,5.8,65.9,chickpea,93.2
140,73.0,24.0,22.3,74.9,5.93,10,6.8,52.7,cotton,63.2
11.0,71.0,14.0,31.9,99.0,6.15,78.6,12.1,37.1,mungbean,72.0
22.0,17.0,41.0,24.2,91.9,6.06,95.4,8.8,41.2,pomegranate,95.2
126.0,5,5,13.5,96.2,8.46,10,13.4,55.1,papaya,28.4
64.0,38.0,21.0,30.5,100,7.74,53.3,10.8,32.9,cotton,61.9
44.0,73.0,41.0,14.2,14,7.36,18.3,7.4,34.9,chickpea,73.1
140,134.0,7.0,9.6,86.2,8.8,56.9,14.4,36.3,papaya,32.9
35.0,126.0,192.0,11.4,95.2,3.75,10,11.1,63.0,kidneybeans,23.9
32.0,5,25.0,17.9,98.0,6.82,27.8,2,37.3,pomegranate,53.4
84.0,48.0,34.0,25.6,78.8,6.58,167.4,5.8,61.2,jute,93.9
21.0,30.0,34.0,30.3,54.5,6.13,107.9,8.5,56.2,mango,95.0
24.0,68.0,41.0,21.4,100,4.81,19.1,9.3,64.5,apple,48.0
27.0,32.0,37.0,31.6,51.4,6.02,82.6,18.9,34.2,mango,93.6
21.0,36.0,17.0,28.2,83.6,6.86,54.9,15.6,31.8,mungbean,93.8
70.0,52.0,14.0,24.9,57.5,8.01,12.3,7.6,44.8,blackgram,56.6
21.0,21.0,11.0,23.3,92.3,7.3,125.5,2,44.8,orange,96.3
17.0,66.0,22.0,24.6,59.5,6.88,36.5,11.4,82.5,lentil,91.8
21.0,125.0,196.0,20.3,90.7,5.98,120.3,14.6,67.4,apple,92.9
111.0,26.0,35.0,30.4,72.5,5.81,83.5,12.6,34.4,watermelon,63.4
89.0,93.0,51.0,26.0,78.1,6.13,109.4,9.5,43.4,banana,95.9
35.0,63.0,110.0,29.4,99.6,4.98,25.2,8.5,53.3,grapes,28.9
33.0,23.0,9.0,35.7,82.2,6.22,94.1,13.0,47.6,coconut,50.1
10.0,50.0,16.0,27.7,88.6,6.97,55.5,9.7,32.2,mungbean,90.6
24.0,53.0,15.0,28.9,82.9,6.84,57.1,18.3,56.9,mungbean,95.1
101.0,79.0,55.0,28.8,81.3,5.86,133.2,15.1,44.3,banana,94.7
18.0,145,205,31.7,97.3,7.05,40.2,9.2,61.4,grapes,65.0
84.0,5,5,44,100.0,4.2,43.9,10.6,48.0,watermelon,44.1
87.0,35.0,32.0,25.3,58.2,6.72,165.6,14.5,52.5,coffee,95.9
25.0,145,201.0,38.6,100,3.68,299.7,14.2,46.1,rice,34.4
0,145,33.0,11.5,100,3.92,10,14.4,27.1,orange,25.4
15.0,18.0,48.0,22.1,89.5,6.04,109.2,13.3,52.2,pomegranate,96.7
91.0,43.0,7.0,42.2,19.2,3.94,282.4,18.4,34.6,watermelon,31.8
64.0,60.0,26.0,27.3,97.3,7.69,65.0,8.8,50.1,cotton,74.1
19.0,83.0,20.0,19.8,21.2,5.95,96.1,10.5,61.8,kidneybeans,95.5
129.0,10.0,198.0,44,100,3.96,18.5,9.0,80.0,grapes,29.1
99.0,23.0,26.0,26.1,55.5,7.14,148.7,9.1,55.0,coffee,95.9
26.0,71.0,23.0,18.9,21.7,5.71,110.1,5.6,41.1,kidneybeans,95.9
32.0,45.0,5,31.2,73.1,5.84,10,14.7,47.0,mungbean,56.5
36.0,100.0,5,26.8,86.0,7.68,85.5,14.7,54.0,lentil,36.5
24.0,16.0,27.0,27.3,95.5,5.39,177.0,16.6,57.7,coconut,95.4
4.0,20.0,187.0,44,15.7,3.51,10,14.4,63.0,grapes,33.1
44.0,64.0,39.0,34.4,90.4,6.79,150.6,7.8,20.5,papaya,98
23.0,138.0,16.0,13.3,14.9,8.59,282.2,15.1,37.7,mango,35.5
0,5,5,8,17.6,8.48,10,14.1,43.4,watermelon,19.8
140,5,205,9.6,100,8.24,300,8.8,47.6,mango,21.7
26.0,19.0,8.0,17.7,77.4,5.9,229.7,13.0,38.9,orange,55.7
21.0,63.0,16.0,22.8,65.5,6.97,45.7,16.3,41.3,lentil,98
88.0,15.0,68.0,26.5,81.5,7.43,216.5,16.6,72.8,papaya,33.8
97.0,5,84.0,20.5,96.1,6.44,10,13.4,34.1,banana,43.6
21.0,17.0,29.0,26.5,94.3,6.21,167.7,13.5,70.3,coconut,95.4
40.0,97.0,21.0,26.1,83.9,6.64,23.4,8.2,50.5,maize,70.6
71.0,49.0,39.0,25.2,80.9,6.46,208.5,10.0,53.9,rice,96.6
95.0,21.0,49.0,27.6,93.8,6.28,23.0,15.2,44.5,muskmelon,95.3
45.0,75.0,64.0,17.5,17.5,7.34,83.6,3.4,70.8,chickpea,90.2
21.0,15.0,11.0,25.9,90.4,7.2,137.0,9.6,48.2,orange,96.9
49.0,47.0,42.0,34.6,88.1,6.6,129.0,16.2,40.4,papaya,94.9
106.0,83.0,53.0,26.7,81.9,6.06,118.9,14.3,28.7,banana,96.2
9.0,33.0,14.0,23.0,44.5,7.8,75.9,10.8,55.0,mothbeans,72.8
30.0,145,109.0,18.1,88.5,5.48,10,15.1,52.9,grapes,61.1
124.0,119.0,5,8.8,97.0,3.72,299.1,2,48.0,mango,19.3
62.0,31.0,26.0,31.0,40.1,7.65,300,2,48.6,coffee,51.4
14.0,28.0,45.0,21.5,100,6.29,300,10.0,32.0,coconut,54.9
118.0,11.0,194.0,8.4,16.7,4.49,276.1,5.5,30.5,mothbeans,14.6
46.0,58.0,76.0,18.6,15.7,7.55,68.0,7.4,63.9,chickpea,96.4
38.0,73.0,77.0,19.7,14.7,6.99,75.9,9.4,38.9,chickpea,94.8
84.0,32.0,26.0,29.7,63.1,5.71,178.0,16.3,65.6,cotton,51.6
53.0,22.0,51.0,21.7,68.9,5.17,96.5,20.8,77.7,watermelon,46.7
27.0,85.0,24.0,14.2,14,7.07,185.7,19.3,53.0,kidneybeans,67.2
9.0,115.0,10.0,15.2,14,4.77,10,10.3,45.3,kidneybeans,58.3
27.0,129.0,172.0,22.7,82.6,5.95,77.4,11.0,56.4,grapes,95.3
22.0,43.0,17.0,28.6,84.0,6.67,47.5,11.7,68.1,mungbean,95.7
118.0,5,5,8.0,92.8,3.73,31.9,14.3,50.5,jute,26.5
20.0,18.0,10.0,24.3,92.7,7.04,112.7,12.4,44.4,orange,92.2
76.0,44.0,27.0,25.1,60.0,6.39,78.6,12.0,37.0,maize,96.2
12.0,32.0,27.0,38.0,35.7,6.78,45.3,10.0,55.5,mango,66.8
68.0,22.0,42.0,18.5,75.0,7.37,27.0,4.1,66.5,watermelon,65.3
18.0,19.0,32.0,31.3,52.5,6.02,119.9,5.0,26.4,mango,93.2
10.0,11.0,56.0,16.8,100,5.29,45.1,18.8,32.4,pomegranate,62.7
30.0,120.0,194.0,20.4,90.0,5.93,102.1,11.0,76.5,apple,89.1
38.0,80.0,74.0,19.1,15.9,7.25,84.5,15.2,51.0,chickpea,97.5
30.0,87.0,205,28.0,92.9,5.19,27.0,12.0,57.5,grapes,57.3
68.0,46.0,35.0,24.4,76.8,6.93,163.6,18.5,44.4,jute,93.2
32.0,145,133.0,20.5,100,6.61,215.8,13.0,49.1,apple,63.4
51.0,73.0,83.0,17.9,16.5,7.37,92.7,12.9,40.8,chickpea,98
80.0,49.0,49.0,24.3,77.2,6.67,170.4,12.6,75.4,jute,92.3
4.0,66.0,24.0,19.4,71.1,5.77,103.2,17.0,36.6,mungbean,37.8
0,105.0,192.0,8.2,94.5,8.32,290.1,10.6,36.2,lentil,21.2
5.0,10.0,18.0,24.5,68.3,7.2,10,12.4,59.9,mungbean,51.2
140,36.0,13.0,23.2,93.7,6.26,124.1,4.6,54.4,cotton,77.3
24.0,127.0,205,24.6,79.8,6.1,60.0,10.3,65.6,grapes,91.8
139.0,5,5,8,94.0,3.94,31.8,12.6,62.3,watermelon,40.6
140,44.0,73.0,30.1,99.9,6.37,61.3,9.3,36.0,banana,58.3
37.0,52.0,18.0,40.0,18.3,4.08,10,2,32.2,chickpea,54.0
28.0,133.0,172.0,44,99.6,8.42,263.1,14.0,38.8,coconut,41.3
39.0,63.0,19.0,30.6,66.1,6.98,64.3,10.5,49.0,blackgram,94.2
105.0,24.0,34.0,25.7,58.4,6.62,141.7,7.4,61.9,coffee,93.5
13.0,114.0,189.0,9.4,100,8.37,20.7,10.8,58.4,lentil,34.3
24.0,130.0,183.0,21.2,94.3,6.01,113.6,13.2,46.9,apple,93.0
0,89.0,7.0,32.8,63.7,6.08,195.1,13.5,35.1,pigeonpeas,57.4
0,9.0,15.0,40.0,100,4.31,298.3,4.4,51.8,kidneybeans,29.3
61.0,42.0,61.0,22.1,31.8,6.6,44.5,8.2,43.0,chickpea,62.8
85.0,44.0,33.0,24.4,81.5,6.59,167.2,9.1,29.6,jute,97.2
46.0,6.0,205,42.1,99.7,3.93,10,11.8,67.3,papaya,39.2
125.0,7.0,21.0,34.9,73.0,7.55,10,17.5,55.1,muskmelon,42.3
121.0,5,205,38.3,15.3,3.68,300,17.6,50.1,maize,25.1
21.0,52.0,18.0,29.5,55.8,7.0,55.3,5.7,40.5,mothbeans,93.7
13.0,5,8.0,32.0,83.0,4.87,69.8,14.9,44.8,coconut,36.1
121.0,94.0,8.0,10.0,15.0,4.14,244.7,19.2,44.7,mungbean,27.0
120.0,27.0,62.0,17.4,64.1,7.86,300,19.7,33.5,jute,29.8
125.0,5,205,42.2,100,4.3,259.3,8.8,39.7,rice,38.3
140,97.0,41.0,30.9,93.1,4.97,37.7,13.8,63.1,banana,61.6
4.0,145,198.0,8,14,8.47,275.6,14.0,51.4,watermelon,21.9
21.0,15.0,33.0,27.2,93.8,5.88,153.8,24.1,55.9,coconut,94.4
19.0,81.0,23.0,24.7,62.4,7.03,44.1,3.1,38.1,lentil,93.5
26.0,105.0,205,39.9,14,3.86,10,11.4,55.3,mungbean,35.1
109.0,132.0,202.0,42.6,19.7,8.51,247.1,16.8,79.3,pomegranate,19.3
140.0,35.0,58.0,23.7,100,7.27,41.7,13.9,41.0,muskmelon,52.6
2.0,18.0,178.0,14.2,100,8.4,10,7.7,40.1,grapes,29.5
72.0,45.0,54.0,29.4,77.0,7.96,84.7,10.4,55.9,coffee,36.8
17.0,32.0,5,12.0,100,4.41,300,7.9,62.8,apple,36.5
32.0,81.0,40.0,20.9,37.9,5.96,126.4,19.3,33.3,kidneybeans,68.2
79.0,47.0,39.0,24.2,81.8,6.1,241.8,10.7,46.7,rice,95.2
140,5.0,28.0,27.5,46.3,7.25,300,16.3,54.8,coffee,55.7
31.0,70.0,21.0,28.7,83.2,5.95,160.3,12.7,43.7,maize,72.6
140.0,28.0,151.0,8.3,18.2,3.97,40.7,7.3,62.9,grapes,35.6
25.0,59.0,19.0,27.3,51.6,6.87,68.2,13.3,52.6,mothbeans,93.1
122.0,99.0,12.0,18.7,86.6,5.18,170.1,8.8,52.3,maize,55.3
18.0,90.0,54.0,22.8,29.9,6.33,155.7,2,56.4,chickpea,51.4
21.0,117.0,27.0,11.8,14,8.46,20.0,19.4,57.6,mungbean,45.7
121.0,23.0,5,44,19.6,8.07,17.5,13.3,42.7,kidneybeans,34.5
16.0,61.0,15.0,24.5,60.5,7.14,36.0,3.9,32.9,lentil,95.3
89.0,23.0,27.0,25.6,58.5,6.55,162.9,7.9,44.4,coffee,97.6
36.0,74.0,21.0,31.2,65.7,7.38,90.7,11.1,51.0,blackgram,96.1
18.0,11.0,7.0,16.4,67.4,6.01,179.9,8.2,34.2,orange,58.3
37.0,101.0,203.0,39.3,93.5,3.53,10,6.7,60.5,coffee,18.0
88.0,43.0,15.0,23.1,65.2,6.23,77.9,7.5,25.1,maize,94.7
117.0,59.0,5.0,18.9,47.1,6.21,53.9,14.7,45.2,maize,79.0
103.0,82.0,194.0,40.1,19.9,3.79,14.1,12.3,43.9,banana,41.6
129.0,6.0,205,42.6,93.5,4.6,37.3,10.9,32.6,apple,43.2
101.0,19.0,56.0,30.6,92.8,6.46,25.7,2.5,60.5,muskmelon,92.5
46.0,12.0,11.0,15.7,100,5.91,178.1,6.9,64.2,orange,50.4
15.0,89.0,31.0,19.7,56.9,8.04,86.0,4.7,71.0,lentil,59.9
82.0,58.0,15.0,23.8,64.9,6.38,72.2,14.4,59.5,maize,95.0
97.0,145,205,11.9,95.0,4.4,286.8,15.4,35.8,coconut,33.3
17.0,15.0,29.0,26.9,95.1,5.72,162.4,10.3,36.9,coconut,95.3
40.0,33.0,17.0,31.6,75.6,5.54,70.2,7.0,26.5,pomegranate,39.5
22.0,49.0,22.0,28.7,54.4,7.09,51.3,10.5,59.8,mothbeans,95.2
43.0,145,205,41.7,23.1,8.62,249.9,6.1,61.7,mungbean,19.3
138.0,143.0,40.0,40.0,84.2,4.52,265.5,5.2,61.6,coffee,31.5
65.0,49.0,19.0,22.6,64.4,6.38,74.7,14.1,74.5,maize,92.6
95.0,21.0,32.0,26.9,53.9,6.86,140.6,8.6,45.2,coffee,93.3
126.0,113.0,188.0,40.7,98.7,8.48,267.7,16.5,26.0,blackgram,21.3
19.0,16.0,5,30.6,37.8,7.9,97.6,12.1,43.2,mothbeans,50.2
14.0,46.0,28.0,35.1,44.5,4.97,224.1,18.2,32.6,pigeonpeas,71.0
18.0,44.0,20.0,29.5,85.0,6.76,43.5,5.4,51.0,mungbean,94.0
140,15.0,18.0,30.6,100,7.4,27.5,11.6,62.2,watermelon,53.2
13.0,54.0,20.0,28.2,48.2,6.96,45.1,25.0,84.9,mothbeans,94.3
0,145,198.0,39.5,24.0,3.56,284.1,14.8,34.9,cotton,16.8
103.0,25.0,27.0,24.2,58.4,6.84,191.8,5.5,39.4,coffee,95.1
49.0,46.0,47.0,32.7,89.2,6.7,148.8,9.0,45.7,papaya,95.6
75.0,46.0,31.0,22.9,81.0,6.48,256.9,11.9,53.9,rice,95.3
36.0,144.0,197.0,9.2,90.8,8.54,271.8,11.0,80.3,mothbeans,23.8
22.0,17.0,41.0,23.9,62.5,5.0,209.0,12.7,67.2,mango,55.5
18.0,49.0,23.0,28.3,55.5,6.83,61.5,15.7,42.2,mothbeans,98
85.0,42.0,38.0,24.3,81.4,6.74,181.4,4.8,35.4,jute,95.3
129.0,10.0,185.0,41.1,14,8.43,264.4,16.4,55.7,chickpea,36.8
72.0,42.0,45.0,24.4,80.1,6.61,164.8,12.0,43.5,jute,92.7
51.0,52.0,42.0,33.2,90.2,6.71,133.9,21.4,48.3,papaya,91.2
125.0,117.0,202.0,41.1,14.2,8.22,45.4,7.4,51.7,blackgram,30.3
25.0,42.0,16.0,28.2,51.3,6.74,46.2,6.1,57.2,mothbeans,95.4
25.0,128.0,5,44,18.2,8.16,253.4,20.4,66.3,mungbean,30.0
138.0,5,5,8.3,93.8,9.26,29.8,2,60.4,apple,33.7
9.0,5,5,19.9,100,5.81,52.2,12.9,46.5,orange,51.2
24.0,12.0,5.0,24.8,93.4,6.7,117.0,11.5,51.1,orange,94.0
19.0,21.0,7.0,32.5,80.8,7.04,93.3,9.4,72.6,coconut,51.7
15.0,69.0,25.0,18.1,22.4,5.62,102.6,10.9,55.3,kidneybeans,93.2
40.0,57.0,54.0,32.9,92.1,6.9,158.6,7.9,30.7,papaya,95.9
0,18.0,205,8,100,8.17,273.2,13.9,65.1,mothbeans,22.0
17.0,77.0,38.0,23.4,67.5,5.87,10,8.2,24.8,mungbean,43.4
126.0,46.0,22.0,25.6,80.8,6.89,81.0,11.2,62.5,cotton,97.9
18.0,120.0,205,13.8,81.8,6.45,30.2,11.8,57.8,apple,61.3
0,5,205,42.5,98.8,4.24,23.7,12.3,70.3,kidneybeans,20.7
140,124.0,5,42.2,14.1,8.83,15.7,12.9,47.5,blackgram,22.8
21.0,68.0,20.0,19.2,24.8,6.02,145.3,12.6,52.9,kidneybeans,94.9
85.0,16.0,55.0,28.5,93.4,6.27,25.0,12.7,57.8,muskmelon,97.7
7.0,119.0,168.0,44,100,8.61,10,11.6,44.7,mothbeans,19.4
28.0,91.0,23.0,17.3,73.4,5.71,20.5,13.0,52.5,lentil,57.7
19.0,125.0,16.0,8,91.1,8.45,10.8,18.6,55.1,cotton,39.2
94.0,19.0,56.0,24.2,83.3,6.46,47.9,12.1,58.8,watermelon,96.4
30.0,90.0,38.0,29.2,69.2,7.61,116.8,12.6,43.6,jute,59.8
16.0,69.0,17.0,23.9,62.5,6.87,41.1,6.7,44.9,lentil,94.3
1.0,21.0,16.0,19.7,100,6.4,188.3,24.3,69.7,orange,58.8
16.0,23.0,40.0,20.3,88.3,5.95,90.7,14.8,60.1,pomegranate,93.5
108.0,35.0,27.0,26.4,60.9,6.73,156.0,15.3,59.6,coffee,96.0
140,145,5,41.4,99.6,8.57,300,12.7,49.6,kidneybeans,22.0
3.0,24.0,7.0,20.6,80.9,7.57,184.3,14.4,58.9,orange,57.1
50.0,59.0,51.0,34.8,93.6,6.93,154.7,19.6,48.6,papaya,92.0
25.0,64.0,5.0,32.3,100,7.17,48.6,3.9,49.7,mungbean,71.5
30.0,5,12.0,27.8,100,7.86,71.6,19.9,48.4,orange,62.6
36.0,76.0,82.0,18.0,18.2,7.54,82.6,10.7,64.0,chickpea,97.5
40.0,64.0,15.0,16.2,51.4,7.95,152.2,12.6,78.7,maize,65.9
0,136.0,8.0,9.6,92.5,8.82,282.4,5.1,32.9,grapes,36.6
36.0,88.0,139.0,21.5,100,6.32,10,14.4,45.2,apple,57.3
89.0,48.0,36.0,25.1,79.2,6.6,162.1,20.8,44.7,jute,93.5
130.0,7.0,5,12.3,98.2,8.2,275.5,11.5,58.6,banana,29.9
22.0,71.0,19.0,28.6,50.1,5.7,144.4,17.9,66.6,pigeonpeas,94.1
122.0,63.0,15.0,24.2,81.6,6.68,64.7,20.4,68.0,cotton,87.6
40.0,60.0,53.0,18.0,97.3,7.13,284.8,20.1,38.0,jute,51.8
28.0,50.0,18.0,33.7,50.1,7.52,21.0,17.1,40.7,blackgram,74.3
72.0,36.0,46.0,24.3,80.7,6.67,153.3,15.7,46.5,jute,96.8
27.0,131.0,200.0,23.9,79.8,6.11,72.4,9.6,45.0,grapes,96.2
129.0,10.0,54.0,40.0,91.9,3.5,14.4,14.0,55.5,cotton,39.8
18.0,63.0,25.0,18.0,23.9,5.73,103.3,8.3,72.8,kidneybeans,95.8
22.0,66.0,22.0,27.5,47.5,5.87,169.3,2.2,63.2,pigeonpeas,94.4
21.0,13.0,14.0,21.7,92.0,7.22,97.0,14.9,47.7,orange,91.6
41.0,5,11.0,19.9,100,7.57,179.1,17.1,70.4,orange,55.0
106.0,42.0,23.0,23.5,79.7,7.03,83.8,18.5,44.4,cotton,93.0
36.0,145,131.0,26.3,72.9,5.54,89.0,17.4,45.5,grapes,72.7
28.0,52.0,36.0,32.9,81.5,7.67,10,8.2,61.6,lentil,48.5
4.0,145,205,31.6,92.2,7.2,123.8,10.6,56.0,grapes,44.8
70.0,27.0,89.0,36.8,100,7.78,256.8,16.6,57.4,papaya,46.6
21.0,25.0,39.0,28.6,48.7,6.16,99.8,3.2,49.9,mango,93.4
82.0,69.0,53.0,26.0,81.5,6.16,107.4,6.5,66.6,banana,96.4
109.0,13.0,9.0,27.3,48.3,5.46,167.9,13.0,53.0,maize,62.7
67.0,46.0,85.0,21.2,63.7,6.58,17.4,10.0,62.6,banana,41.4
29.0,53.0,77.0,19.0,17.3,7.13,86.8,9.6,40.7,chickpea,93.3
84.0,39.0,38.0,24.1,83.5,6.35,242.6,13.2,61.7,rice,92.8
50.0,54.0,77.0,17.8,17.6,7.37,82.5,8.6,22.1,chickpea,92.0
14.0,61.0,18.0,18.8,23.6,5.56,105.0,19.9,32.9,kidneybeans,91.8
8.0,18.0,5,43.0,18.8,4.11,33.1,11.7,26.3,mango,32.8
71.0,46.0,36.0,25.4,80.5,6.65,184.5,10.7,63.8,jute,92.6
41.0,76.0,21.0,28.1,69.8,7.14,66.3,18.6,37.9,blackgram,98
123.0,134.0,178.0,11.2,28.7,8.43,10,13.6,51.3,kidneybeans,30.1
74.0,58.0,38.0,25.1,81.4,6.75,160.3,3.8,20.8,jute,92.7
35.0,45.0,25.0,26.8,54.6,6.93,65.2,7.9,55.2,mothbeans,88.9
26.0,14.0,29.0,19.7,77.2,6.78,151.6,11.0,50.5,pomegranate,71.1
75.0,81.0,78.0,28.7,100,7.49,231.0,13.2,47.9,papaya,43.5
135.0,122.0,5,9.6,18.0,8.49,10,10.9,65.8,pomegranate,25.9
114.0,145,205,10.1,19.1,8.47,283.4,6.6,68.2,chickpea,34.9
134.0,53.0,22.0,22.8,83.5,7.12,84.3,13.9,72.9,cotton,95.5
94.0,36.0,44.0,22.3,84.8,6.45,216.0,22.0,59.7,rice,91.2
79.0,59.0,21.0,22.4,67.3,6.2,99.2,2.1,77.8,maize,95.9
76.0,26.0,71.0,35.3,75.3,6.99,11.3,12.4,49.4,muskmelon,52.5
82.0,52.0,17.0,23.3,65.8,6.32,73.0,10.2,46.4,maize,96.9
33.0,66.0,81.0,18.9,19.4,7.45,71.1,8.0,58.4,chickpea,95.8
46.0,60.0,54.0,33.1,90.8,6.76,126.3,15.1,44.7,papaya,94.7
27.0,33.0,14.0,20.3,64.7,6.07,25.1,10.6,57.5,mothbeans,69.8
97.0,19.0,46.0,23.9,84.9,6.49,51.0,14.6,52.6,watermelon,95.8
12.0,13.0,175.0,8.3,97.7,4.47,263.5,10.3,42.7,mango,39.4
8.0,77.0,13.0,33.1,28.5,5.07,58.6,19.0,45.1,pigeonpeas,61.5
7.0,34.0,30.0,33.7,71.4,6.3,77.8,8.7,78.7,mothbeans,62.2
21.0,17.0,5,36.1,69.6,7.15,10,18.4,41.9,mango,52.4
19.0,71.0,22.0,25.9,68.4,6.83,62.3,8.4,52.9,lentil,90.3
82.0,44.0,41.0,23.4,84.4,6.12,241.6,21.1,37.6,rice,95.4
22.0,25.0,34.0,35.9,100,7.82,29.8,2,19.0,mungbean,49.7
31.0,58.0,7.0,34.6,66.0,7.63,96.7,14.6,20.8,mungbean,50.2
128.0,12.0,17.0,20.3,73.4,8.23,259.9,24.0,39.9,coffee,37.6
140,41.0,19.0,22.5,88.9,6.29,57.0,12.0,64.7,banana,54.5
88.0,53.0,41.0,22.9,83.6,6.48,257.5,11.9,79.3,rice,94.3
10.0,41.0,57.0,26.5,100,6.98,158.8,7.0,32.2,pomegranate,46.8
68.0,113.0,20.0,32.2,43.2,5.86,11.3,14.1,45.9,blackgram,41.8
113.0,142.0,181.0,10.2,99.4,8.6,300,8.3,48.1,banana,29.1
17.0,66.0,23.0,24.3,62.1,6.81,47.7,14.9,73.0,lentil,93.8
25.0,115.0,199.0,43.4,98.4,8.39,276.4,14.3,34.9,papaya,33.4
6.0,145,31.0,41.8,14,8.65,300,11.7,36.3,coconut,32.8
20.0,71.0,11.0,28.0,42.6,5.56,155.2,20.0,52.2,pigeonpeas,94.3
14.0,16.0,10.0,23.1,97.0,6.89,95.1,15.3,61.1,orange,94.9
12.0,54.0,20.0,27.3,56.8,6.73,55.6,15.4,42.1,mothbeans,95.1
49.0,142.0,19.0,39.8,14.5,3.84,250.2,13.4,35.5,cotton,29.3
27.0,18.0,11.0,23.5,95.0,6.64,110.3,14.0,37.4,orange,96.9
33.0,23.0,31.0,26.9,50.7,7.89,13.9,17.0,66.3,lentil,41.4
46.0,56.0,19.0,29.9,65.8,7.1,59.0,17.5,35.6,blackgram,94.3
104.0,48.0,17.0,23.1,81.8,6.82,75.3,16.8,43.9,cotton,94.4
81.0,53.0,20.0,40.2,100,7.61,20.2,10.4,71.4,papaya,41.6
35.0,45.0,95.0,18.3,76.3,5.17,58.3,17.4,79.0,apple,36.6
88.0,22.0,52.0,28.3,94.1,6.5,24.0,8.3,53.9,muskmelon,93.3
28.0,140.0,190.0,25.3,81.1,5.89,67.7,9.9,45.8,grapes,94.8
15.0,5,201.0,43.9,19.7,3.55,40.2,11.1,49.8,cotton,27.0
128.0,145,5,11.2,100,8.44,10,12.6,42.8,kidneybeans,22.2
21.0,137.0,182.0,21.6,91.5,5.99,109.9,15.2,39.2,apple,94.1
130.0,29.0,29.0,28.0,68.9,7.87,300,8.6,57.8,rice,63.9
16.0,18.0,9.0,21.6,91.4,7.1,104.2,12.0,61.6,orange,92.7
32.0,71.0,18.0,23.0,47.4,6.17,88.3,17.3,50.2,mothbeans,62.5
44.0,95.0,205,30.5,99.2,7.39,10,10.2,61.7,grapes,33.5
79.0,46.0,18.0,22.0,65.8,6.1,73.1,15.2,63.1,maize,94.5
22.0,71.0,26.0,19.3,20.2,5.85,91.7,7.3,60.1,kidneybeans,95.4
93.0,24.0,25.0,26.0,60.8,6.77,154.8,13.8,53.0,coffee,95.5
124.0,5,188.0,42.5,21.6,4.09,10,7.8,27.0,chickpea,26.6
44.0,16.0,57.0,23.2,81.7,4.94,239.5,21.1,35.1,coconut,43.3
108.0,49.0,19.0,28.7,69.7,6.89,88.2,6.9,45.1,rice,66.0
51.0,68.0,48.0,34.0,92.9,6.95,141.9,15.6,45.9,papaya,96.3
140,120.0,26.0,10.6,21.2,8.29,278.9,15.8,41.6,coffee,34.7
2.0,145,193.0,42.0,100,8.75,10,16.9,34.7,mungbean,22.3
23.0,21.0,9.0,22.7,93.3,7.19,128.1,10.0,51.7,orange,94.3
134.0,68.0,16.0,16.0,46.1,7.67,56.2,12.4,43.7,maize,72.8
40.0,5,5,27.3,100,5.88,67.8,17.5,50.6,orange,48.7
35.0,81.0,47.0,34.7,100,8.06,234.4,15.2,83.0,papaya,63.3
108.0,97.0,52.0,28.0,82.9,6.08,102.2,11.1,46.3,banana,91.8
18.0,56.0,19.0,28.9,53.3,6.74,51.7,26.3,40.9,mothbeans,96.8
39.0,67.0,21.0,28.1,68.6,6.97,58.3,20.0,48.0,blackgram,98
12.0,58.0,23.0,27.4,51.0,6.11,139.1,15.5,47.0,pigeonpeas,95.3
9.0,36.0,24.0,31.9,97.5,7.8,34.5,9.5,36.7,mungbean,72.6
107.0,17.0,39.0,24.3,83.7,6.6,46.7,16.4,62.4,watermelon,93.1
23.0,55.0,22.0,28.3,85.2,6.83,59.4,5.9,46.3,mungbean,93.8
120.0,54.0,24.0,24.7,80.1,6.99,69.3,19.3,19.5,cotton,94.1
17.0,35.0,20.0,29.8,84.4,6.64,42.8,13.6,56.0,mungbean,95.6
139.0,6.0,26.0,29.3,74.4,5.49,103.8,15.7,35.9,watermelon,39.5
71.0,49.0,57.0,23.0,14,7.96,69.6,7.8,28.1,chickpea,74.7
32.0,77.0,25.0,16.0,54.6,5.62,49.6,19.8,46.9,maize,71.6
19.0,74.0,17.0,28.5,49.2,5.94,162.4,9.6,41.6,pigeonpeas,95.0
17.0,56.0,20.0,29.2,88.4,6.72,61.0,3.3,29.2,mungbean,93.3
16.0,21.0,40.0,19.3,90.4,6.05,80.3,11.6,35.7,pomegranate,93.1
133.0,36.0,15.0,18.1,79.0,5.67,103.0,14.9,55.1,maize,84.5
18.0,57.0,76.0,39.5,75.6,6.07,221.8,15.0,39.3,papaya,47.6
79.0,145,205,43.3,100,3.87,23.2,9.8,50.0,pomegranate,24.9
92.0,100.0,5,10.2,100,4.13,300,14.1,36.9,muskmelon,35.6
88.0,89.0,47.0,26.7,81.8,6.27,108.8,16.5,70.3,banana,92.1
36.0,24.0,80.0,26.0,68.6,5.5,10,6.8,39.7,watermelon,45.2
110.0,15.0,37.0,27.0,91.1,6.61,26.3,18.7,66.2,muskmelon,95.3
6.0,5,205,41.5,14,8.73,51.6,14.9,54.9,pomegranate,25.2
27.0,73.0,31.0,21.9,68.4,7.26,42.5,12.5,47.8,mungbean,60.2
34.0,31.0,30.0,32.3,65.0,8.42,14.6,6.6,49.3,mungbean,50.7
76.0,51.0,15.0,22.8,68.3,6.57,68.2,9.9,50.9,maize,94.0
29.0,5,205,8,23.7,8.63,10,14.5,34.8,coconut,30.1
90.0,14.0,44.0,24.8,84.6,6.33,48.9,14.8,45.5,watermelon,93.9
25.0,145,111.0,29.1,100,7.12,63.4,11.9,40.1,apple,57.1
38.0,78.0,31.0,26.8,71.9,6.8,10,14.2,62.9,blackgram,78.2
0,5,205,10.2,88.5,8.15,10,8.6,44.1,lentil,22.6
109.0,117.0,25.0,44,96.5,4.07,295.2,2.9,57.4,coconut,43.1
64.0,101.0,11.0,38.4,75.5,5.46,38.5,10.6,39.1,papaya,36.8
11.0,95.0,22.0,21.2,36.8,7.98,10,17.6,27.8,mothbeans,47.3
96.0,19.0,55.0,25.1,85.4,6.27,44.6,7.1,50.2,watermelon,94.0
20.0,18.0,38.0,38.0,30.6,5.29,220.3,10.7,53.6,mango,61.3
21.0,49.0,23.0,28.6,52.0,7.04,47.1,16.3,53.6,mothbeans,94.1
90.0,52.0,41.0,25.3,82.4,6.34,238.0,19.4,51.8,rice,96.0
0,138.0,49.0,43.1,93.9,8.44,300,8.0,29.4,papaya,41.4
3.0,145,205,8.7,99.0,8.34,273.9,5.9,52.2,lentil,22.4
53.0,74.0,45.0,22.4,95.4,4.95,176.6,14.9,71.2,banana,52.6
28.0,28.0,22.0,14.7,77.6,5.12,37.8,15.3,60.6,pomegranate,38.1
103.0,17.0,52.0,25.3,86.8,6.66,40.7,12.5,45.2,watermelon,95.2
80.0,54.0,28.0,25.4,79.4,6.71,189.4,15.2,68.3,jute,92.9
40.0,29.0,11.0,19.9,47.3,5.8,136.2,13.8,47.1,maize,77.7
109.0,145.0,5,42.3,20.7,8.23,258.6,17.7,41.5,jute,32.8
140,10.0,204.0,11.4,20.7,3.78,15.1,5.0,56.7,orange,27.9
76.0,27.0,57.0,17.1,95.3,7.63,53.2,8.8,36.2,jute,44.7
69.0,54.0,116.0,22.6,32.6,8.19,32.1,10.7,52.7,chickpea,53.2
140,25.0,16.0,19.6,38.2,7.35,272.7,13.0,24.5,coffee,46.0
18.0,5,38.0,25.4,30.5,6.35,29.7,10.0,12.9,mango,54.8
0.0,70.0,12.0,33.3,65.6,5.97,44.5,13.9,79.3,pigeonpeas,54.2
14.0,19.0,47.0,21.4,90.3,5.87,118.5,15.2,77.3,pomegranate,97.7
39.0,51.0,56.0,11.3,29.8,8.35,18.0,15.3,61.5,chickpea,53.3
95.0,42.0,103.0,34.7,77.3,6.89,19.6,5.9,50.1,papaya,53.7
20.0,116.0,198.0,21.5,90.2,5.88,135.9,22.1,55.1,apple,97.3
29.0,5,195.0,11.6,14.5,3.61,300,6.6,18.4,mothbeans,28.8
123.0,65.0,69.0,29.5,100,5.91,58.4,14.6,58.0,jute,34.7
28.0,117.0,205,24.5,80.0,5.98,70.5,13.3,60.6,grapes,94.6
140,14.0,37.0,27.9,70.9,7.5,26.3,14.5,60.1,watermelon,64.8
28.0,124.0,192.0,22.6,78.5,6.24,62.1,11.9,36.9,grapes,96.8
16.0,67.0,18.0,24.8,66.1,6.93,41.6,11.1,59.8,lentil,97.0
22.0,73.0,17.0,19.5,24.4,5.87,136.8,15.2,51.6,kidneybeans,95.1
8.0,14.0,33.0,35.7,60.4,4.55,29.9,13.4,44.6,mango,55.3
82.0,15.0,192.0,40.2,14,8.44,267.2,14.9,13.2,kidneybeans,25.6
33.0,69.0,88.0,18.6,15.5,7.26,84.5,8.7,53.2,chickpea,94.2
40.0,96.0,23.0,25.4,29.5,6.13,83.2,12.9,33.1,chickpea,52.4
108.0,94.0,47.0,25.9,76.7,5.92,72.8,5.0,38.5,banana,93.6
121.0,8.0,21.0,10.0,100,8.47,55.9,14.7,48.0,pomegranate,34.4
21.0,51.0,20.0,29.1,55.5,6.95,56.9,2,53.4,mothbeans,92.3
4.0,15.0,20.0,14.6,75.5,6.63,174.9,12.1,54.7,orange,45.5
16.0,28.0,32.0,29.8,47.8,6.19,96.1,7.4,43.7,mango,98
13.0,22.0,24.0,11.2,99.4,3.62,282.5,8.3,30.5,apple,31.3
19.0,67.0,13.0,24.3,31.7,6.13,75.3,10.6,57.6,mothbeans,68.5
11.0,131.0,5,9.8,98.1,9.09,10,16.3,39.4,watermelon,20.2
21.0,139.0,194.0,25.5,81.9,6.39,59.1,13.9,72.6,grapes,94.6
48.0,46.0,23.0,16.2,100,7.47,149.6,11.9,33.8,cotton,57.5
66.0,24.0,21.0,23.1,66.4,6.36,74.2,2,64.6,maize,86.7
32.0,48.0,5,14.7,14,5.38,152.3,14.8,58.7,kidneybeans,71.0
105.0,15.0,49.0,28.6,92.7,6.46,19.1,15.0,57.8,muskmelon,98
32.0,43.0,5,21.8,77.7,7.74,21.9,10.8,28.7,lentil,51.2
12.0,102.0,30.0,14.1,35.8,6.53,20.6,10.0,60.3,kidneybeans,53.5
17.0,145,205,44,96.9,3.76,32.3,22.0,32.3,mungbean,42.1
31.0,59.0,13.0,22.8,73.9,7.35,21.4,8.8,48.4,mungbean,70.2
140,10.0,192.0,11.2,100,8.22,38.8,6.6,38.0,pigeonpeas,21.5
5.0,145,205,42.8,14,3.96,35.8,9.0,34.6,pigeonpeas,22.3
42.0,58.0,49.0,33.6,93.1,7.05,120.7,4.1,56.3,papaya,96.5
125.0,144.0,21.0,9.6,100,7.91,293.7,11.8,58.9,pomegranate,24.8
19.0,15.0,11.0,23.4,92.7,7.1,121.3,12.3,46.0,orange,96.0
21.0,138.0,5,8.7,14,4.05,290.3,8.5,57.0,muskmelon,18.7
23.0,145,205,22.8,95.2,6.29,107.6,12.1,42.8,apple,94.4
20.0,15.0,13.0,23.2,89.1,6.88,100.5,7.4,70.8,orange,96.0
140,61.0,27.0,32.8,61.8,5.15,143.0,5.7,40.9,banana,55.7
60.0,37.0,62.0,24.6,14,8.57,10,15.8,41.1,chickpea,57.1
92.0,66.0,24.0,37.6,76.1,7.26,218.8,2,68.0,papaya,53.9
15.0,71.0,19.0,26.3,67.6,7.22,48.4,9.2,48.1,lentil,93.8
105.0,17.0,55.0,25.3,85.2,6.4,47.9,16.1,25.1,watermelon,92.7
20.0,96.0,5,32.9,72.2,5.53,92.5,11.6,64.9,mungbean,43.3
98.0,5,205,42.3,96.1,4.15,300,15.5,56.5,rice,44.3
135.0,99.0,5,42.0,87.7,4.26,10,15.2,44.6,jute,31.5
7.0,5,58.0,22.1,35.5,6.93,57.8,15.2,61.9,mango,38.2
42.0,18.0,45.0,30.0,46.8,7.39,279.5,3.4,46.8,coffee,43.1
20.0,32.0,36.0,31.5,48.1,5.79,66.4,12.2,53.8,mango,91.7
36.0,145,205,27.8,80.0,6.95,37.6,13.3,28.5,apple,46.1
17.0,49.0,21.0,30.3,52.4,7.28,47.9,8.6,25.2,mothbeans,93.8
110.0,68.0,24.0,27.9,42.3,7.09,42.4,13.4,55.8,maize,82.5
18.0,141.0,189.0,9.7,14,3.68,10,10.6,36.8,grapes,55.8
24.0,62.0,20.0,27.1,47.9,5.75,153.2,8.7,55.2,pigeonpeas,94.1
41.0,34.0,5,44,15.8,8.59,14.4,6.3,53.2,rice,36.0
140,20.0,205,39.3,91.4,4.14,269.0,20.3,87.1,coffee,32.0
86.0,18.0,33.0,25.4,90.6,6.09,120.3,18.5,51.7,cotton,60.5
23.0,74.0,35.0,34.6,70.2,6.25,20.0,12.9,51.7,blackgram,58.1
20.0,64.0,26.0,28.5,43.2,5.69,159.6,5.3,42.8,pigeonpeas,97.9
67.0,53.0,43.0,33.1,94.1,7.0,125.9,16.5,49.2,papaya,93.3
140,118.0,5,8.6,21.9,8.96,296.5,6.3,25.0,mango,18.3
111.0,145,205,11.5,27.0,4.28,10,15.2,74.0,mango,18.3
8.0,89.0,20.0,14.5,40.6,6.3,10,24.4,60.8,lentil,48.2
15.0,38.0,45.0,33.5,24.9,7.06,38.5,16.2,34.4,mango,58.1
0,127.0,26.0,10.1,96.0,3.68,300,16.8,61.4,maize,33.2
0,40.0,14.0,41.1,100,3.59,33.6,14.0,78.6,mango,29.5
85.0,78.0,68.0,37.6,100,7.76,55.3,11.1,44.4,papaya,51.1
135.0,24.0,33.0,8.5,16.3,8.51,249.6,15.7,55.8,coconut,46.2
13.0,25.0,5.0,20.3,100,5.33,218.7,17.7,66.5,orange,59.1
0,144.0,202.0,40.3,14,8.17,286.1,4.3,72.3,blackgram,17.3
18.0,67.0,25.0,18.6,20.1,5.58,104.8,2,30.3,kidneybeans,96.1
6.0,22.0,28.0,24.2,34.3,8.17,22.7,4.8,52.2,chickpea,34.5
44.0,23.0,64.0,29.6,100,7.56,300,7.4,58.1,jute,35.0
113.0,14.0,58.0,25.8,85.5,6.69,50.1,10.6,48.3,watermelon,96.7
25.0,40.0,35.0,31.1,70.3,7.71,13.7,11.7,62.1,lentil,55.2
21.0,40.0,19.0,28.0,53.9,6.91,44.2,20.9,57.2,mothbeans,95.4
0,145,180.0,40.6,91.6,3.5,24.4,9.9,51.3,blackgram,22.4
86.0,16.0,51.0,29.3,92.5,6.3,30.1,20.3,43.0,muskmelon,95.7
81.0,46.0,23.0,22.3,62.3,6.47,93.2,6.4,32.1,maize,94.9
19.0,79.0,20.0,28.1,46.5,5.99,141.4,11.6,44.4,pigeonpeas,92.1
6.0,145,95.0,17.3,67.8,7.29,11.2,11.8,34.3,grapes,34.9
136.0,127.0,23.0,43.0,97.0,8.66,41.2,9.5,55.2,coffee,34.2
124.0,32.0,44.0,29.3,70.8,6.82,300,10.5,46.2,rice,72.3
137.0,145,179.0,10.0,99.1,3.71,255.5,9.3,51.8,apple,51.4
117.0,145,5,8,14,7.97,291.9,20.5,48.8,chickpea,38.3
122.0,16.0,36.0,28.3,78.7,7.3,288.8,9.4,54.7,coffee,62.8
18.0,30.0,33.0,23.3,36.5,6.02,43.6,9.7,68.0,kidneybeans,60.8
61.0,95.0,118.0,19.7,14,6.41,10,14.3,22.0,chickpea,58.1
21.0,125.0,205,22.3,90.3,5.77,108.3,12.8,34.2,apple,93.3
32.0,7.0,35.0,17.3,77.7,4.5,54.9,11.4,47.5,pomegranate,44.3
28.0,135.0,205,23.8,83.7,6.2,77.3,18.7,41.0,grapes,94.6
32.0,22.0,31.0,8,14,4.29,285.2,21.1,51.4,mango,45.0
77.0,27.0,19.0,17.4,99.9,5.85,48.7,17.2,40.4,cotton,54.6
0,5,182.0,9.4,100,8.36,10,5.5,35.7,blackgram,18.4
52.0,53.0,30.0,33.9,53.5,7.58,105.5,6.1,37.2,blackgram,72.2
140,145.0,5,39.6,94.3,8.42,300,16.7,40.1,pigeonpeas,20.3
8.0,5,205,8,98.5,4.38,10,16.2,75.8,banana,19.8
30.0,113.0,22.0,30.3,70.9,7.92,30.6,15.7,46.6,pigeonpeas,49.2
22.0,45.0,15.0,29.1,86.6,6.8,57.9,18.1,39.5,mungbean,96.9
20.0,25.0,32.0,32.9,49.9,5.79,95.7,17.4,44.1,mango,98
47.0,29.0,65.0,30.0,65.9,5.28,89.0,11.8,56.8,watermelon,37.5
140,5,185.0,42.0,98.6,8.62,55.0,9.8,36.1,mungbean,28.6
140,145,205,8,16.5,4.31,249.3,10.5,83.6,watermelon,25.7
25.0,16.0,31.0,27.4,96.0,6.02,135.2,4.5,45.5,coconut,94.2
34.0,145,42.0,8.8,14,4.05,10,21.9,75.7,grapes,37.3
26.0,144.0,205,21.9,98.8,7.42,115.5,13.2,26.0,grapes,63.5
45.0,21.0,35.0,35.2,87.5,8.03,78.0,2.6,63.3,blackgram,47.3
140,5,23.0,10.9,100,4.19,70.4,10.0,59.3,pigeonpeas,29.8
40.0,73.0,148.0,27.5,71.1,4.44,44.8,9.9,37.0,grapes,43.6
74.0,43.0,41.0,25.8,80.2,6.62,185.8,11.0,47.0,jute,92.0
85.0,69.0,45.0,28.7,78.8,6.26,87.9,10.8,32.5,banana,96.1
79.0,47.0,40.0,25.2,79.5,6.6,185.8,13.8,66.8,jute,96.5
111.0,45.0,5,41.5,97.1,8.58,56.0,7.6,51.1,papaya,42.0
56.0,129.0,39.0,22.3,95.0,7.03,34.0,11.5,34.9,banana,44.7
25.0,51.0,20.0,26.8,50.0,6.89,43.3,13.0,33.8,mothbeans,97.2
112.0,94.0,46.0,26.8,83.4,5.98,99.7,9.8,48.4,banana,96.9
140,145,197.0,8.7,14,4.26,39.8,9.2,38.5,muskmelon,31.1
101.0,89.0,54.0,26.6,77.1,5.9,112.1,6.2,29.7,banana,93.6
42.0,68.0,77.0,19.5,15.7,7.42,60.1,18.8,45.3,chickpea,93.6
127.0,63.0,24.0,24.4,83.9,7.1,66.6,14.3,51.6,cotton,86.2
44.0,97.0,38.0,27.0,14,6.44,39.6,18.8,55.2,chickpea,60.5
23.0,29.0,32.0,31.4,47.5,5.99,97.3,13.0,46.9,mango,93.3
56.0,28.0,110.0,24.4,14,6.81,143.9,13.6,53.2,chickpea,60.7
25.0,30.0,31.0,30.4,47.9,6.05,115.5,3.1,63.5,mango,93.1
60.0,23.0,16.0,20.5,91.7,6.51,110.1,14.1,35.2,cotton,68.6
80.0,74.0,11.0,19.6,56.8,6.67,20.3,10.6,49.6,cotton,56.0
8.0,33.0,24.0,21.3,76.8,5.28,49.7,5.8,43.6,pomegranate,51.9
100.0,18.0,55.0,25.8,82.7,6.69,63.6,18.3,52.5,watermelon,93.0
28.0,27.0,20.0,29.5,55.5,7.38,83.1,12.8,53.6,lentil,59.2
132.0,29.0,36.0,8,94.2,8.65,10,12.4,29.5,banana,37.7
140,7.0,174.0,9.0,14,8.02,21.1,10.5,43.9,muskmelon,36.8
94.0,32.0,32.0,25.0,57.2,7.02,143.6,22.7,54.6,coffee,97.6
37.0,64.0,31.0,35.1,33.3,7.74,93.7,13.3,46.4,mothbeans,43.5
83.0,42.0,52.0,25.0,79.4,6.92,198.2,7.0,27.4,jute,93.1
122.0,47.0,20.0,22.5,83.7,7.09,89.5,6.4,36.1,cotton,98
3.0,88.0,5,29.3,40.7,5.61,83.1,11.1,41.8,lentil,34.9
32.0,85.0,73.0,19.7,18.7,7.22,75.1,8.4,62.3,chickpea,95.3
33.0,62.0,17.0,29.8,66.2,7.28,75.6,9.6,62.5,blackgram,89.8
23.0,20.0,24.0,27.1,97.2,6.14,178.4,9.1,50.7,coconut,95.1
0,145,200.0,10.4,98.4,4.44,292.5,15.5,38.6,rice,35.0
0,31.0,189.0,44,14,8.1,268.9,8.5,66.2,rice,45.3
38.0,67.0,20.0,30.5,65.1,7.32,68.2,11.2,42.3,blackgram,97.8
17.0,34.0,5,11.6,36.1,5.96,159.6,9.2,10,kidneybeans,51.9
41.0,35.0,48.0,30.0,97.6,7.42,300,14.1,43.2,jute,59.6
136.0,38.0,66.0,21.0,72.0,5.78,15.3,6.0,65.0,watermelon,45.7
109.0,7.0,23.0,20.0,62.4,7.12,286.1,13.1,49.7,jute,45.4
127.0,143.0,205,40.7,14,8.18,282.1,15.2,44.7,banana,29.0
124.0,5,14.0,41.9,23.8,9.08,300,9.1,49.4,muskmelon,32.6
0,135.0,201.0,40.0,96.9,8.31,37.7,18.1,26.3,mothbeans,29.4
21.0,17.0,8.0,23.4,94.9,6.94,103.1,15.9,38.2,orange,92.6
25.0,15.0,60.0,29.1,76.0,5.77,30.7,2,76.4,pomegranate,52.4
140,6.0,20.0,20.1,67.6,7.69,36.7,14.1,74.5,watermelon,44.8
16.0,122.0,174.0,22.1,93.3,5.76,111.5,16.5,54.1,apple,94.3
131.0,52.0,76.0,31.7,58.3,5.45,283.8,3.6,57.3,jute,29.2
54.0,50.0,48.0,33.8,93.1,6.61,142.5,16.1,67.5,papaya,95.9
0,145,5,14.1,100,4.17,10,18.5,51.4,muskmelon,31.0
48.0,86.0,82.0,40.1,86.5,7.15,207.5,11.5,32.3,papaya,60.2
132.0,145,5,38.2,100,4.35,270.3,19.8,10,pigeonpeas,25.5
52.0,115.0,10.0,9.4,17.4,7.95,10,14.3,44.7,papaya,33.5
116.0,48.0,19.0,23.3,78.1,6.78,79.4,11.8,48.4,cotton,95.5
25.0,67.0,23.0,28.6,50.4,5.68,139.9,4.5,56.7,pigeonpeas,94.4
36.0,53.0,124.0,12.7,14,6.13,23.6,7.2,36.2,chickpea,59.3
21.0,18.0,26.0,28.0,94.1,5.92,161.5,8.7,35.6,coconut,98
9.0,8.0,11.0,26.6,100,7.94,216.9,21.8,76.1,orange,59.6
40.0,71.0,18.0,29.9,66.6,7.15,51.0,8.0,47.6,blackgram,93.8
0,15.0,5,12.2,15.3,3.5,10,9.7,45.0,cotton,21.2
130.0,47.0,17.0,24.6,79.0,6.94,75.2,16.5,40.5,cotton,96.1
40.0,44.0,6.0,25.0,15.0,6.6,75.1,11.2,41.9,kidneybeans,57.3
23.0,20.0,10.0,15.3,100,5.81,131.0,13.3,63.0,orange,70.8
21.0,132.0,200.0,23.2,84.7,6.18,59.7,7.9,29.8,grapes,92.3
112.0,87.0,5,8,16.0,8.25,19.2,16.7,58.8,jute,22.8
75.0,72.0,17.0,29.2,92.5,7.79,139.6,4.5,62.7,cotton,58.1
106.0,19.0,25.0,16.4,72.2,6.09,114.7,13.1,66.7,cotton,64.0
21.0,13.0,11.0,23.6,91.4,6.82,95.2,6.6,36.2,orange,95.7
100.0,19.0,50.0,29.9,93.5,6.42,28.7,9.3,53.6,muskmelon,96.3
126.0,5,179.0,42.3,14.7,3.54,289.8,9.0,54.0,blackgram,23.9
29.0,91.0,22.0,23.9,52.7,6.85,22.6,11.2,64.4,blackgram,62.5
24.0,133.0,201.0,24.1,85.2,5.98,70.0,14.6,46.4,grapes,92.7
1.0,101.0,16.0,25.1,100,7.39,82.0,11.9,23.0,mungbean,56.2
95.0,15.0,41.0,25.1,86.0,6.37,48.0,24.2,57.1,watermelon,97.5
105.0,61.0,15.0,22.7,78.0,6.93,83.7,21.7,60.9,cotton,91.0
19.0,20.0,41.0,19.3,90.2,6.07,106.7,11.0,35.5,pomegranate,92.6
20.0,16.0,31.0,27.5,95.8,6.03,174.7,17.5,51.6,coconut,96.6
125.0,57.0,18.0,23.0,79.2,6.88,68.6,2,73.7,cotton,92.4
27.0,5,188.0,40.8,96.4,8.66,18.8,9.2,56.6,lentil,29.9
26.0,42.0,18.0,28.0,86.6,6.62,41.8,12.0,46.8,mungbean,98
16.0,65.0,17.0,25.6,63.1,6.74,49.7,5.0,66.3,lentil,97.6
20.0,120.0,199.0,24.4,80.1,5.75,52.7,2.6,32.9,grapes,94.2
16.0,134.0,187.0,21.4,93.9,5.85,89.4,13.7,90,apple,93.5
18.0,145,205,9.5,95.1,8.53,300,9.5,39.8,apple,62.4
140,20.0,89.0,31.9,70.8,5.99,10,7.5,90,watermelon,46.6
103.0,20.0,46.0,25.4,84.3,6.34,59.3,17.3,26.2,watermelon,97.1
42.0,89.0,9.0,17.2,53.3,6.0,87.6,12.1,61.0,lentil,37.8
5.0,5,184.0,9.4,91.6,3.83,287.7,2.7,65.1,mungbean,33.5
23.0,24.0,20.0,23.3,37.0,5.35,62.1,4.8,61.3,mango,71.7
45.0,67.0,95.0,18.7,16.4,7.15,71.4,6.4,45.4,chickpea,94.0
46.0,57.0,89.0,18.6,17.1,7.34,94.0,14.3,67.0,chickpea,95.3
34.0,44.0,32.0,33.6,67.2,7.56,248.7,22.2,38.8,jute,58.4
96.0,81.0,47.0,27.3,80.7,6.25,107.1,10.7,21.4,banana,95.2
119.0,54.0,23.0,22.6,77.8,7.01,94.3,16.3,87.8,cotton,94.7
99.0,18.0,45.0,28.5,92.3,6.21,23.4,10.0,63.0,muskmelon,91.9
18.0,79.0,131.0,26.6,26.7,8.27,45.5,18.1,66.2,chickpea,52.1
19.0,7.0,60.0,17.3,73.0,7.43,20.0,16.3,68.2,pomegranate,45.6
111.0,41.0,18.0,24.2,77.4,7.04,71.7,12.9,61.0,cotton,92.9
136.0,23.0,36.0,30.2,71.7,5.71,10,10.6,28.2,watermelon,55.9
86.0,28.0,25.0,25.3,56.1,6.75,178.5,14.6,21.4,coffee,94.8
104.0,54.0,5,26.7,44.5,5.34,22.8,17.0,63.4,maize,72.0
82.0,34.0,19.0,23.3,61.3,6.52,80.6,12.2,42.6,maize,93.7
18.0,12.0,12.0,22.7,95.1,7.09,106.6,11.8,52.5,orange,94.8
64.0,38.0,60.0,29.2,53.2,5.9,300,10.3,84.7,jute,52.9
29.0,28.0,26.0,37.1,80.7,7.71,238.3,16.2,80.0,papaya,41.5
104.0,83.0,58.0,27.1,82.7,6.14,91.1,12.9,38.7,banana,94.6
0,116.0,30.0,39.7,14,8.9,285.8,7.5,46.3,orange,17.5
12.0,12.0,5,17.9,75.2,7.47,56.7,7.5,50.1,pomegranate,56.8
20.0,15.0,51.0,28.4,72.9,7.26,33.8,10.5,41.9,pomegranate,54.8
140,134.0,79.0,23.1,94.0,5.7,235.8,15.0,48.8,banana,40.8
28.0,17.0,35.0,26.1,95.3,5.9,148.1,14.2,58.7,coconut,90.5
25.0,16.0,34.0,27.6,95.4,5.81,143.5,2,52.2,coconut,97.0
54.0,10.0,27.0,22.4,63.1,5.32,64.2,8.6,56.3,watermelon,52.0
25.0,29.0,9.0,30.3,77.2,6.98,27.4,9.9,48.7,orange,53.9
57.0,64.0,40.0,31.6,92.3,6.69,151.8,13.6,59.2,papaya,90.7
31.0,74.0,28.0,29.2,63.8,7.11,67.2,9.7,39.3,blackgram,94.3
31.0,74.0,7.0,29.7,90.6,7.36,300,4.4,76.5,rice,62.6
140,5,205,12.5,92.6,4.11,35.1,9.8,45.6,banana,30.4
31.0,137.0,5,11.1,37.6,6.86,65.4,14.6,70.0,kidneybeans,42.0
70.0,13.0,55.0,19.3,95.0,5.29,29.6,2,47.9,watermelon,63.0
29.0,76.0,30.0,29.4,70.9,7.45,79.2,5.3,69.6,jute,54.8
101.0,19.0,53.0,29.5,94.5,6.35,22.9,11.3,61.7,muskmelon,94.8
125.0,41.0,23.0,26.7,81.7,6.95,79.6,14.6,33.9,cotton,90.7
140,145,177.0,40.8,93.2,4.33,248.9,19.6,36.1,chickpea,19.8
24.0,70.0,20.0,27.6,45.3,5.76,157.3,3.1,39.4,pigeonpeas,95.4
135.0,127.0,197.0,40.1,19.4,4.13,255.0,3.7,63.0,papaya,23.5
21.0,18.0,34.0,27.8,95.5,5.61,160.0,4.7,47.9,coconut,94.2
140,9.0,5,8,93.2,4.32,10,16.4,17.6,jute,21.6
18.0,33.0,27.0,31.0,80.6,6.33,10,17.0,65.2,pomegranate,50.8
83.0,17.0,43.0,25.0,88.8,6.47,66.9,17.8,48.8,watermelon,94.2
66.0,36.0,14.0,22.8,65.1,6.14,83.0,13.7,52.6,maize,91.9
28.0,22.0,33.0,32.1,52.9,5.93,85.5,10.4,62.4,mango,90.3
18.0,9.0,5,21.1,100,7.85,191.0,14.7,60.9,orange,67.1
84.0,62.0,43.0,23.2,81.0,6.23,252.7,9.2,48.9,rice,96.4
14.0,40.0,46.0,27.1,32.6,5.07,27.0,11.0,90,mango,53.3
53.0,54.0,52.0,33.4,89.3,6.85,150.7,16.8,77.2,papaya,93.9
4.0,82.0,29.0,33.1,30.7,7.25,88.8,17.7,48.2,mothbeans,48.4
140,44.0,6.0,32.2,92.9,8.08,10,11.3,47.9,cotton,54.0
78.0,44.0,20.0,20.8,64.8,6.35,78.9,18.5,62.2,maize,94.2
107.0,18.0,51.0,25.2,83.8,6.41,41.5,18.2,47.5,watermelon,98
23.0,130.0,205,24.3,79.0,6.24,68.3,12.4,51.7,grapes,92.5
91.0,47.0,33.0,23.3,83.7,6.11,236.6,13.3,45.3,rice,96.4
54.0,52.0,50.0,32.3,94.8,6.77,146.7,19.1,42.4,papaya,90.1
0,11.0,5,40.5,100,8.63,12.5,13.1,73.8,lentil,18.2
136.0,5,205,8.2,14,3.98,263.4,13.7,23.0,coffee,28.1
6.0,5,47.0,32.6,100,6.21,88.1,12.5,57.1,coconut,48.9
24.0,11.0,30.0,26.8,93.1,5.63,164.1,14.0,48.9,coconut,91.8
24.0,145,143.0,27.5,69.1,7.61,10,16.4,53.4,grapes,54.0
100.0,29.0,22.0,21.7,65.9,5.69,121.0,17.2,34.1,rice,82.1
35.0,36.0,122.0,24.6,14,6.29,10,18.5,40.7,chickpea,57.1
10.0,6.0,47.0,32.6,100,5.28,58.7,13.2,49.0,coconut,44.1
108.0,14.0,19.0,30.9,69.4,6.59,101.3,9.4,90,rice,57.7
18.0,5,184.0,41.7,97.1,8.44,10,14.2,29.7,coconut,44.2
63.0,37.0,76.0,37.6,100,5.6,268.3,5.3,59.1,papaya,53.2
47.0,104.0,37.0,22.3,67.6,7.46,53.0,8.6,40.6,banana,52.8
10.0,136.0,24.0,8.9,96.5,8.24,277.2,9.4,43.4,lentil,38.1
3.0,25.0,15.0,25.3,63.1,5.97,45.0,11.8,49.5,mango,58.1
74.0,66.0,115.0,24.5,14,6.18,41.5,12.2,65.1,chickpea,59.0
79.0,43.0,10.0,22.8,64.6,6.47,117.1,6.9,53.1,maize,87.9
68.0,49.0,39.0,24.6,79.0,6.82,160.6,17.2,57.1,jute,98
140,25.0,14.0,29.3,69.5,8.46,99.7,8.5,52.2,cotton,69.0
18.0,18.0,8.0,23.9,92.1,6.96,110.5,8.8,50.4,orange,95.0
0,5,5,9.8,94.4,8.6,52.7,6.7,75.3,blackgram,31.1
48.0,33.0,72.0,33.9,71.8,7.34,80.0,9.5,23.0,watermelon,34.7
34.0,25.0,48.0,31.9,100,5.78,271.1,12.0,38.5,jute,40.2
39.0,63.0,38.0,33.6,93.6,6.86,141.0,3.9,22.3,papaya,93.9
71.0,72.0,50.0,18.3,34.0,6.91,31.0,9.5,61.7,chickpea,58.7
14.0,145,205,29.2,100,6.62,118.1,4.3,56.6,apple,72.0
140,67.0,17.0,19.7,98.1,7.24,56.5,5.6,51.9,rice,53.1
33.0,24.0,7.0,31.6,47.0,6.44,48.2,12.4,43.0,lentil,46.4
20.0,56.0,15.0,18.3,21.4,5.5,124.7,17.4,33.1,kidneybeans,94.3
0,127.0,205,43.0,19.3,4.62,273.2,18.4,57.0,orange,17.7
29.0,21.0,192.0,41.2,14,8.92,10,2,35.4,jute,20.6
107.0,17.0,205,9.2,100,7.86,14.4,6.6,41.0,mango,29.3
43.0,64.0,75.0,17.7,15.9,7.32,67.5,16.0,43.6,chickpea,93.2
17.0,18.0,41.0,18.7,91.1,5.97,102.1,16.5,40.0,pomegranate,93.4
34.0,45.0,5,25.1,33.4,5.14,24.1,12.5,24.5,kidneybeans,54.4
128.0,5,197.0,8,100,8.64,296.4,17.8,42.3,muskmelon,35.3
100.0,14.0,54.0,25.2,84.6,6.58,49.3,23.4,27.4,watermelon,96.5
20.0,80.0,20.0,18.3,21.3,5.75,119.6,9.8,74.3,kidneybeans,96.1
30.0,100.0,12.0,28.8,80.3,7.27,93.3,18.4,44.4,lentil,58.9
38.0,27.0,28.0,36.1,100,7.48,28.2,12.3,30.5,mungbean,53.5
102.0,21.0,52.0,27.2,85.1,6.44,36.1,11.3,35.9,watermelon,96.7
18.0,16.0,26.0,26.0,93.6,5.45,170.0,10.9,35.7,coconut,95.1
22.0,30.0,30.0,31.4,47.6,6.35,66.7,6.2,26.2,mango,94.2
13.0,13.0,36.0,17.7,83.5,7.51,165.3,13.5,35.6,pomegranate,73.6
109.0,16.0,205,11.2,14,3.84,256.4,15.8,51.2,coffee,39.9
39.0,124.0,50.0,10.5,14,3.86,259.7,10.8,42.2,papaya,41.4
15.0,96.0,19.0,25.9,36.1,6.53,23.5,16.5,62.2,kidneybeans,61.8
15.0,75.0,21.0,24.8,65.4,6.98,35.6,6.9,57.3,lentil,95.9
17.0,54.0,23.0,28.1,56.8,6.96,55.2,17.7,53.3,mothbeans,93.3
122.0,5,192.0,12.6,14,3.86,300,16.3,43.3,mango,21.7
79.0,50.0,49.0,22.4,83.7,6.52,262.8,15.6,50.8,rice,94.0
32.0,114.0,20.0,35.5,79.5,5.73,105.5,5.7,58.2,blackgram,46.1
6.0,77.0,71.0,26.9,100,6.07,73.4,18.3,49.4,papaya,49.3
22.0,85.0,19.0,43.5,14,8.46,295.5,13.2,62.6,blackgram,47.4
99.0,22.0,31.0,25.5,61.6,7.05,157.2,15.8,49.1,coffee,91.8
100.0,86.0,55.0,26.7,80.1,6.19,139.7,16.8,75.1,banana,96.9
57.0,27.0,85.0,28.5,100,4.29,10,7.4,75.9,watermelon,41.5
108.0,20.0,59.0,20.1,69.0,5.92,127.3,14.0,35.0,rice,68.5
31.0,25.0,56.0,20.1,77.1,4.62,175.3,5.8,54.7,pomegranate,48.7
7.0,43.0,30.0,33.3,47.3,6.09,14.5,10.7,68.8,blackgram,44.6
44.0,45.0,51.0,34.9,91.8,6.64,117.6,23.3,49.8,papaya,93.5
118.0,47.0,25.0,25.4,76.6,7.16,78.3,17.6,58.1,cotton,94.6
22.0,62.0,19.0,28.2,48.5,5.68,147.9,17.7,75.3,pigeonpeas,94.4
38.0,30.0,29.0,23.9,69.4,5.19,197.7,17.8,45.2,mango,48.4
0,145,202.0,10.2,95.4,8.17,10,15.9,50.8,mungbean,27.4
19.0,136.0,205,23.1,87.9,5.88,126.6,10.6,44.8,apple,96.7
11.0,65.0,17.0,19.1,23.5,5.79,98.1,13.5,68.2,kidneybeans,92.7
87.0,30.0,9.0,28.3,78.2,5.83,68.2,6.2,57.4,coffee,52.0
36.0,31.0,53.0,17.6,61.2,6.05,290.8,12.8,54.6,jute,45.8
0,123.0,5,40.4,18.2,8.54,238.4,6.9,51.1,papaya,21.7
140,50.0,24.0,21.8,80.4,6.88,89.5,18.2,31.4,cotton,92.0
17.0,42.0,29.0,29.1,88.3,6.52,51.9,17.1,79.1,mungbean,96.3
107.0,17.0,166.0,41.5,96.0,9.09,10,7.5,54.4,grapes,33.6
33.0,10.0,13.0,19.7,100,7.68,212.0,9.9,34.9,orange,65.6
140,35.0,24.0,31.9,95.9,5.62,178.6,10.6,44.4,cotton,57.7
57.0,9.0,15.0,36.3,77.8,6.3,10,11.0,52.0,muskmelon,41.6
40.0,70.0,19.0,28.9,68.0,6.9,83.1,8.4,56.7,blackgram,92.3
0,138.0,176.0,11.7,93.7,3.9,268.9,19.9,33.9,blackgram,20.7
5.0,145,205,42.4,14,3.5,255.3,13.5,58.3,rice,26.9
17.0,61.0,22.0,28.0,88.4,6.94,42.9,25.9,48.5,mungbean,91.9
0,15.0,150.0,8,98.3,3.97,269.9,12.1,55.6,muskmelon,40.6
27.0,42.0,17.0,29.4,50.6,6.5,44.5,9.4,16.1,mothbeans,92.0
13.0,25.0,5,32.7,100,7.1,86.7,4.1,58.8,orange,76.6
57.0,6.0,70.0,29.6,100,7.08,25.6,13.5,30.8,muskmelon,61.3
22.0,111.0,189.0,23.5,80.8,6.29,50.9,6.5,53.5,grapes,92.7
41.0,117.0,39.0,21.3,99.9,6.05,106.3,10.8,35.4,banana,57.0
52.0,73.0,48.0,29.3,100,7.03,300,12.7,38.0,rice,71.6
98.0,78.0,53.0,27.1,81.8,5.9,62.6,20.7,70.4,banana,94.0
116.0,13.0,51.0,24.9,85.2,6.39,59.6,10.9,39.4,watermelon,95.4
0,145,18.0,9.0,14,9.05,17.1,9.5,19.8,mothbeans,34.9
16.0,54.0,14.0,25.5,89.6,6.65,37.7,18.1,75.0,blackgram,60.7
22.0,25.0,31.0,26.6,95.0,6.31,182.7,4.5,46.2,coconut,88.8
22.0,70.0,20.0,28.3,50.9,5.63,158.0,6.7,31.4,pigeonpeas,94.5
22.0,145,205,23.2,78.4,6.19,81.7,11.8,66.3,grapes,94.8
16.0,15.0,5,42.4,14.1,8.45,10,20.6,42.0,pomegranate,45.4
115.0,58.0,34.0,29.0,52.5,5.23,170.4,8.7,68.8,maize,66.3
94.0,16.0,49.0,24.5,82.2,6.47,64.3,8.4,37.6,watermelon,93.3
46.0,34.0,26.0,23.9,81.0,5.51,19.0,22.0,36.2,muskmelon,37.6
18.0,46.0,19.0,28.5,55.4,7.05,49.2,17.2,21.0,mothbeans,91.8
2.0,126.0,179.0,40.9,89.1,4.23,64.6,12.3,57.1,kidneybeans,28.1
23.0,23.0,32.0,31.0,47.5,6.45,107.9,20.6,48.7,mango,94.8
67.0,145,205,9.2,16.8,4.12,29.5,11.8,57.9,apple,41.8
42.0,80.0,99.0,26.9,67.8,7.33,10,9.6,45.7,grapes,33.7
81.0,55.0,38.0,24.7,79.3,6.59,161.9,9.2,27.6,jute,95.6
134.0,5,176.0,8,100,8.29,26.3,10.4,56.4,apple,37.3
88.0,40.0,22.0,16.6,48.6,6.11,43.1,6.1,43.4,maize,86.7
19.0,115.0,205,21.8,83.4,6.25,65.0,11.7,33.7,grapes,95.5
19.0,5,26.0,12.3,100,8.49,42.6,5.9,59.5,orange,41.4
26.0,14.0,27.0,27.1,94.9,5.83,201.4,5.5,34.3,coconut,94.7
56.0,126.0,25.0,24.4,47.3,8.22,99.2,7.6,54.0,blackgram,41.3
16.0,17.0,15.0,42.0,14,8.14,296.7,17.5,49.9,muskmelon,30.0
39.0,74.0,13.0,29.0,66.4,7.1,56.3,16.4,46.7,blackgram,93.7
96.0,10.0,45.0,29.2,93.8,6.56,26.2,18.0,45.0,muskmelon,87.0
78.0,43.0,21.0,23.7,64.5,6.27,96.0,8.0,42.0,maize,93.7
32.0,67.0,36.0,32.8,66.1,5.39,300,18.8,56.5,jute,36.8
106.0,19.0,54.0,27.8,88.7,6.52,22.3,12.7,10.4,muskmelon,96.1
42.0,145,154.0,30.4,100,6.76,132.8,18.4,90,apple,60.4
127.0,25.0,63.0,20.6,66.0,7.9,300,9.6,55.2,rice,57.6
94.0,145,202.0,41.9,14,3.69,266.4,2.1,53.0,pigeonpeas,18.1
3.0,18.0,24.0,33.8,71.0,5.04,149.4,6.0,43.3,mango,61.3
25.0,134.0,205,8.9,14,4.16,21.9,13.9,44.2,apple,55.8
86.0,18.0,53.0,28.6,93.9,6.62,30.7,20.7,41.4,muskmelon,96.2
29.0,140.0,195.0,8.9,14,4.13,10,9.8,76.3,pigeonpeas,29.8
20.0,142.0,196.0,21.2,92.6,5.27,111.7,9.2,61.3,apple,94.9
54.0,28.0,11.0,29.4,67.9,6.29,79.7,12.2,39.0,cotton,62.2
110.0,81.0,52.0,27.9,81.8,6.09,100.2,10.0,46.2,banana,94.1
11.0,140.0,205,11.5,96.2,4.01,300,18.2,64.5,maize,20.5
20.0,128.0,205,23.3,78.5,6.33,77.2,20.9,51.1,grapes,97.2
36.0,71.0,25.0,30.1,60.8,7.41,75.7,9.1,61.7,blackgram,94.4
13.0,5,39.0,11.4,16.4,3.8,10,26.2,68.6,rice,31.9
4.0,106.0,15.0,24.0,46.4,8.29,49.3,8.3,67.0,blackgram,43.4
17.0,19.0,37.0,23.2,85.9,6.1,129.4,9.4,63.6,pomegranate,95.8
39.0,25.0,56.0,31.3,87.9,7.76,300,10.6,36.4,jute,43.8
14.0,5,186.0,42.7,16.6,8.66,39.7,10.1,64.2,blackgram,28.2
18.0,22.0,47.0,20.2,87.2,5.73,138.5,8.2,45.2,pomegranate,96.1
25.0,59.0,90.0,21.0,14,7.42,83.8,15.0,51.6,chickpea,94.3
13.0,122.0,200.0,44,95.3,8.39,285.9,15.5,71.7,banana,23.6
32.0,56.0,66.0,18.2,67.3,7.55,291.7,17.5,48.4,jute,40.4
75.0,98.0,5,25.4,45.4,6.6,34.5,10.1,24.6,blackgram,44.4
25.0,25.0,31.0,31.4,47.1,5.52,101.9,15.6,46.9,mango,91.6
50.0,57.0,46.0,32.4,92.2,6.92,120.6,7.1,32.0,papaya,97.5
45.0,64.0,49.0,33.7,90.5,6.83,143.2,11.9,48.1,papaya,96.4
115.0,23.0,50.0,25.0,85.6,6.42,56.5,12.2,69.7,watermelon,93.5
69.0,55.0,42.0,25.6,78.8,6.88,171.2,8.1,58.4,jute,92.4
135.0,145,9.0,41.5,94.1,3.97,261.8,13.3,30.6,maize,30.1
27.0,13.0,55.0,24.2,100,5.3,130.9,16.0,48.3,pomegranate,72.9
18.0,130.0,200.0,22.0,94.7,6.04,93.0,15.0,57.8,apple,94.4
121.0,135.0,5,41.9,94.5,4.14,300,13.9,20.4,coffee,33.0
67.0,28.0,74.0,21.4,58.1,7.08,300,14.0,60.9,jute,54.8
132.0,145,201.0,38.9,14,4.13,293.1,18.2,42.6,grapes,44.7
122.0,145,168.0,44,100,7.78,25.2,20.5,65.5,coffee,32.2
120.0,122.0,205,8.8,100,4.1,21.3,13.3,44.6,coconut,32.4
20.0,65.0,18.0,27.9,50.5,5.39,136.1,12.6,32.0,pigeonpeas,97.8
39.0,27.0,30.0,38.4,79.9,5.59,79.1,13.4,33.9,papaya,53.5
8.0,51.0,43.0,30.4,61.1,4.27,83.6,5.8,71.4,pigeonpeas,54.8
14.0,31.0,13.0,16.3,100,6.21,10,18.6,42.7,orange,50.6
59.0,64.0,48.0,33.9,92.4,6.55,140.1,12.3,28.1,papaya,94.3
20.0,6.0,173.0,40.0,97.6,4.44,289.5,4.8,40.0,watermelon,24.2
11.0,23.0,29.0,31.9,80.0,5.31,290.1,9.7,77.1,coconut,54.9
24.0,27.0,24.0,32.8,48.9,5.81,89.1,5.6,39.9,mango,95.0
32.0,45.0,34.0,25.0,14,4.74,221.3,16.2,69.3,kidneybeans,57.0
33.0,106.0,205,17.7,73.2,6.55,119.6,13.1,45.6,grapes,68.1
106.0,145,28.0,9.5,16.9,3.76,10,7.8,69.1,papaya,22.5
94.0,15.0,54.0,28.4,95.3,6.6,21.8,2,35.4,muskmelon,96.0
79.0,27.0,84.0,25.4,100,7.4,54.1,15.2,54.3,muskmelon,51.4
87.0,50.0,8.0,44,15.9,4.17,10,8.5,45.1,mungbean,36.5
127.0,131.0,28.0,44,91.9,3.96,10,13.4,55.9,kidneybeans,30.2
22.0,145,179.0,42.5,96.2,4.36,300,10.5,36.1,orange,45.6
30.0,77.0,79.0,18.6,15.6,7.32,73.1,15.3,53.5,chickpea,93.3
74.0,51.0,17.0,22.1,65.7,6.31,78.9,3.2,41.5,maize,94.9
25.0,16.0,41.0,20.6,90.9,5.92,98.1,16.0,63.4,pomegranate,88.4
9.0,28.0,26.0,21.2,39.5,5.59,96.8,10.2,53.6,mothbeans,47.4
20.0,126.0,191.0,20.9,87.5,6.01,82.6,4.2,64.7,apple,93.4
140,106.0,171.0,43.1,100,8.8,272.4,6.7,32.2,cotton,30.5
57.0,5,205,8,88.3,3.99,276.0,10.6,31.2,orange,35.5
79.0,58.0,35.0,23.9,87.5,6.23,209.8,9.3,57.1,rice,96.4
95.0,23.0,23.0,25.1,56.0,6.32,172.5,3.1,67.2,coffee,91.3
18.0,16.0,8.0,21.8,93.3,6.94,92.3,17.5,16.9,orange,95.1
129.0,18.0,205,8,17.3,3.77,34.7,11.0,62.0,maize,35.0
25.0,60.0,26.0,18.4,19.8,5.67,118.6,20.5,57.8,kidneybeans,96.0
106.0,18.0,44.0,25.4,85.5,6.45,55.2,20.9,29.8,watermelon,94.6
107.0,16.0,48.0,25.7,85.3,6.06,60.3,8.2,41.2,watermelon,94.1
47.0,74.0,9.0,18.7,94.5,5.26,300,7.6,58.9,rice,61.8
21.0,19.0,45.0,22.3,92.0,6.08,113.3,4.5,43.8,pomegranate,94.7
127.0,40.0,20.0,21.6,81.7,6.65,66.6,6.6,58.4,cotton,93.3
17.0,19.0,44.0,20.8,91.1,5.82,109.0,12.5,35.4,pomegranate,93.0
131.0,118.0,205,9.2,18.3,8.96,11.5,12.4,48.1,pigeonpeas,20.3
18.0,54.0,15.0,28.5,50.4,6.98,37.3,16.9,44.0,mothbeans,96.8
73.0,40.0,39.0,24.6,79.4,6.65,197.5,14.9,55.0,jute,96.5
6.0,145,5,39.4,99.1,3.89,300,11.4,57.6,apple,35.8
18.0,71.0,11.0,24.0,66.4,6.92,43.4,13.5,73.7,lentil,88.2
23.0,38.0,40.0,12.0,14,6.77,40.3,8.2,43.9,chickpea,63.7
117.0,58.0,205,12.6,22.7,8.26,268.8,20.8,57.5,mothbeans,29.5
40.0,7.0,20.0,23.8,100,5.34,123.0,3.4,52.9,coconut,69.1
23.0,24.0,27.0,29.8,49.2,5.6,88.2,7.9,51.5,mango,97.5
140,145,174.0,10.3,14,8.11,274.8,13.8,44.0,orange,21.2
129.0,15.0,16.0,40.6,14,8.49,288.6,12.1,14.1,mango,32.1
76.0,51.0,39.0,25.5,80.6,6.18,249.4,19.1,57.6,rice,96.7
79.0,48.0,22.0,23.6,66.1,6.25,87.0,4.3,54.6,maize,97.7
120.0,135.0,205,42.8,14.2,3.83,43.5,10.2,60.1,papaya,19.9
100.0,17.0,47.0,28.5,92.2,6.22,23.8,22.1,48.7,muskmelon,96.3
118.0,46.0,20.0,21.8,81.8,6.6,71.2,13.2,56.8,cotton,92.9
133.0,145,205,8.1,96.5,8.86,263.1,5.7,66.1,blackgram,21.5
29.0,129.0,190.0,23.4,86.3,5.81,72.4,8.1,44.7,grapes,96.3
25.0,134.0,199.0,22.7,91.4,5.86,113.5,15.0,28.6,apple,97.2
47.0,33.0,19.0,14.6,72.1,5.98,59.4,14.3,53.3,cotton,65.6
5.0,49.0,31.0,9.0,100,3.65,10,13.9,24.6,grapes,22.0
91.0,40.0,38.0,24.0,83.4,6.13,196.5,2.5,48.9,rice,94.8
29.0,145,22.0,42.2,14,8.59,268.2,9.2,67.2,pomegranate,24.5
18.0,64.0,25.0,27.1,65.7,7.24,45.2,10.8,75.9,lentil,91.4
45.0,61.0,45.0,33.0,91.9,6.59,125.2,14.7,80.2,papaya,96.2
17.0,15.0,42.0,21.5,91.1,6.07,106.6,9.9,41.0,pomegranate,96.4
93.0,81.0,54.0,27.8,80.6,6.12,107.0,6.4,50.4,banana,94.3
24.0,9.0,15.0,9.9,16.7,8.63,287.3,14.8,73.6,muskmelon,23.8
26.0,15.0,8.0,23.1,94.0,7.01,117.9,19.5,71.9,orange,97.6
32.0,44.0,26.0,32.3,34.1,5.08,205.3,9.8,49.3,mango,59.5
0,5,16.0,11.0,93.8,4.11,290.1,15.5,42.2,blackgram,28.7
16.0,16.0,37.0,23.4,88.0,5.83,95.4,11.2,34.0,pomegranate,97.2
40.0,74.0,80.0,17.9,14.8,7.17,71.5,17.2,72.9,chickpea,98
19.0,68.0,19.0,26.0,49.5,5.92,145.1,10.3,37.3,pigeonpeas,95.2
140,5,25.0,40.4,16.3,4.34,252.6,4.2,82.3,grapes,19.0
70.0,52.0,20.0,22.1,71.0,6.43,109.0,17.4,36.1,maize,92.2
34.0,23.0,30.0,20.3,92.7,5.63,38.0,10.8,48.0,jute,41.4
5.0,88.0,120.0,17.6,69.3,6.92,10,19.7,58.5,grapes,29.6
104.0,23.0,46.0,27.4,84.6,6.11,47.0,21.1,54.2,watermelon,93.6
28.0,32.0,29.0,15.3,32.3,8.3,126.1,14.7,50.3,chickpea,48.2
33.0,118.0,14.0,44,100,4.5,10,7.8,61.3,chickpea,33.9
20.0,145,114.0,17.4,92.2,5.51,82.5,18.6,34.2,grapes,63.6
58.0,94.0,26.0,17.5,55.7,5.45,32.4,15.7,50.9,maize,69.8
5.0,133.0,17.0,42.5,100,3.96,10,23.5,24.0,mothbeans,34.5
84.0,39.0,25.0,22.5,65.6,6.4,77.7,2,59.8,maize,95.3
32.0,79.0,20.0,23.6,57.4,6.92,90.5,7.2,40.4,pigeonpeas,72.3
17.0,145,205,43.4,14,4.44,253.2,6.6,74.8,jute,28.1
140,32.0,16.0,32.1,92.6,5.49,75.2,12.5,50.2,watermelon,42.1
104.0,5,5,41.8,14,4.81,290.4,12.6,49.5,orange,30.7
90.0,42.0,205,9.5,89.4,8.4,25.2,27.2,30.8,banana,42.3
19.0,17.0,11.0,23.0,90.9,6.77,100.1,17.8,28.1,orange,98
41.0,72.0,24.0,29.1,65.5,7.32,72.8,17.4,37.8,blackgram,95.6
18.0,23.0,28.0,30.9,47.3,6.17,93.3,9.5,66.5,mango,98
16.0,56.0,20.0,27.3,84.3,6.63,47.4,18.5,56.1,mungbean,95.4
87.0,48.0,13.0,24.2,62.0,6.36,66.0,9.8,65.3,maize,92.1
16.0,17.0,43.0,22.1,90.9,6.2,112.0,10.6,47.2,pomegranate,95.2
20.0,48.0,31.0,34.4,20.5,4.31,85.0,5.2,45.8,pigeonpeas,57.3
140,5,205,42.1,100,4.17,274.4,13.8,43.7,mothbeans,20.0
64.0,93.0,27.0,33.8,76.0,7.77,64.1,14.2,36.0,blackgram,70.9
24.0,145,205,24.4,81.6,6.33,67.8,15.4,66.9,grapes,97.4
20.0,18.0,31.0,28.0,96.9,5.84,168.7,16.7,39.7,coconut,97.5
38.0,66.0,66.0,19.8,15.4,7.4,69.4,11.5,74.9,chickpea,95.4
96.0,19.0,29.0,27.4,59.2,7.01,181.8,18.3,79.5,coffee,95.6
63.0,31.0,75.0,19.5,100,5.17,14.1,13.2,52.3,watermelon,29.7
136.0,49.0,33.0,30.9,71.2,7.75,79.2,20.4,59.8,coffee,46.2
25.0,64.0,19.0,18.8,20.3,5.67,93.6,10.2,47.2,kidneybeans,93.9
106.0,24.0,56.0,25.3,86.3,6.59,38.2,8.3,72.0,watermelon,93.2
31.0,13.0,6.0,26.5,38.2,6.37,21.0,13.8,71.4,mango,52.3
16.0,30.0,39.0,30.3,48.1,5.92,105.2,17.0,48.0,mango,94.0
23.0,141.0,199.0,21.6,89.6,5.95,112.0,9.4,47.1,apple,95.0
129.0,69.0,50.0,29.0,99.7,7.44,300,11.8,71.8,rice,64.6
17.0,14.0,14.0,27.0,75.3,5.08,20.4,18.4,56.1,pomegranate,52.4
15.0,5,67.0,18.1,69.9,6.74,40.5,4.4,54.1,pomegranate,52.1
43.0,48.0,16.0,27.3,84.8,8.06,19.5,7.2,31.0,blackgram,61.1
124.0,7.0,202.0,12.0,100,3.75,10,7.8,61.0,muskmelon,41.2
123.0,128.0,6.0,9.5,25.7,4.85,12.2,8.0,43.5,pomegranate,25.2
31.0,61.0,18.0,29.9,68.4,7.11,62.9,7.1,46.0,blackgram,96.0
14.0,66.0,21.0,26.3,70.2,6.76,42.8,5.6,53.2,lentil,95.8
140,15.0,38.0,29.5,55.9,5.43,113.7,10.5,76.7,coffee,60.2
8.0,109.0,110.0,29.3,74.5,5.43,36.6,13.9,43.4,apple,40.8
45.0,77.0,23.0,14.2,31.1,3.99,75.0,18.9,70.3,kidneybeans,59.3
23.0,27.0,9.0,12.9,14,4.6,221.4,12.7,62.6,kidneybeans,51.4
42.0,57.0,24.0,29.6,61.9,6.99,78.0,18.9,27.9,blackgram,91.0
116.0,133.0,5,41.1,19.1,7.79,300,10.6,53.2,chickpea,38.1
21.0,75.0,21.0,17.9,19.9,5.92,110.6,12.4,50.0,kidneybeans,93.9
28.0,31.0,205,41.5,14,7.65,10,11.6,68.8,coconut,30.3
99.0,24.0,58.0,25.6,81.5,6.7,68.0,13.0,36.4,watermelon,92.9
84.0,45.0,37.0,23.7,85.0,6.19,228.5,18.8,43.3,rice,94.3
54.0,53.0,94.0,38.8,75.9,6.16,29.3,12.9,53.9,papaya,53.2
32.0,51.0,18.0,15.5,43.7,7.05,160.3,11.1,42.1,maize,67.4
17.0,5,5,43.8,92.7,8.3,272.2,15.5,19.0,cotton,27.7
140,121.0,5,40.2,100,4.21,255.1,13.6,63.6,papaya,27.5
71.0,5,36.0,21.3,100,5.29,38.1,7.1,41.5,muskmelon,51.8
98.0,30.0,30.0,26.6,52.4,6.79,177.0,18.5,77.9,coffee,94.2
84.0,46.0,40.0,24.0,82.7,5.99,215.7,15.9,69.5,rice,98
5.0,114.0,24.0,20.4,63.8,6.39,41.6,8.9,57.6,pigeonpeas,46.7
29.0,145,197.0,41.7,17.7,4.45,40.1,13.8,56.4,grapes,56.6
5.0,5,40.0,32.8,100,5.04,300,18.6,39.7,coconut,45.7
140,145,167.0,8,100,8.4,269.7,12.4,68.0,mothbeans,20.2
38.0,57.0,78.0,21.2,18.0,7.17,81.9,16.2,29.2,chickpea,94.6
110.0,42.0,23.0,26.6,79.2,6.86,86.8,7.6,61.2,cotton,95.1
1.0,6.0,16.0,15.8,80.2,5.87,218.5,17.9,30.5,orange,28.0
140,145.0,5,42.7,23.4,3.74,276.1,22.5,66.5,pomegranate,17.1
35.0,53.0,75.0,18.5,16.4,7.44,81.8,10.9,33.7,chickpea,93.8
18.0,27.0,18.0,24.6,55.3,7.17,70.6,12.8,37.0,mothbeans,85.2
25.0,6.0,15.0,20.5,77.3,5.28,272.7,14.1,57.3,coconut,50.8
49.0,66.0,53.0,33.5,93.9,6.8,151.2,17.3,48.5,papaya,96.0
26.0,57.0,29.0,29.3,86.9,6.69,57.1,16.8,23.0,mungbean,89.2
140,39.0,8.0,42.5,14,8.96,21.6,8.7,64.9,watermelon,30.2
77.0,27.0,35.0,33.5,71.0,7.46,19.7,6.3,63.3,watermelon,51.6
95.0,18.0,47.0,25.3,88.0,6.64,41.9,13.4,38.2,watermelon,92.5
21.0,21.0,48.0,22.6,80.9,5.36,300,14.3,32.8,coconut,51.8
107.0,79.0,45.0,27.5,82.6,6.29,100.4,2,10,banana,95.4
0,32.0,10.0,40.5,94.6,4.2,296.7,15.4,54.7,mothbeans,32.4
44.0,63.0,46.0,33.2,91.4,6.75,148.6,16.9,64.2,papaya,96.0
103.0,136.0,205,41.0,16.8,3.58,300,16.2,44.9,rice,43.7
0,5,195.0,44,14,8.31,10,11.9,49.9,jute,19.4
101.0,131.0,148.0,11.1,16.9,8.7,18.2,9.4,77.6,watermelon,28.6
110.0,12.0,31.0,34.7,100,5.37,11.4,6.6,40.4,muskmelon,57.3
34.0,5,198.0,37.2,100,4.05,41.8,8.0,40.6,orange,31.7
28.0,98.0,13.0,26.9,31.9,5.09,58.7,9.3,30.8,kidneybeans,63.4
10.0,28.0,16.0,17.2,100,6.08,48.8,18.8,58.3,orange,47.1
21.0,55.0,29.0,25.6,62.5,7.04,64.0,11.7,59.3,lentil,84.9
21.0,21.0,39.0,21.8,89.1,6.11,128.1,9.4,77.3,pomegranate,92.7
53.0,63.0,17.0,32.1,62.5,7.07,64.7,3.6,47.6,blackgram,98
0,5,205,41.8,20.5,8.88,55.1,11.5,71.0,maize,34.2
21.0,20.0,12.0,23.5,90.8,6.84,114.8,3.6,46.8,orange,96.9
103.0,16.0,51.0,29.3,93.4,6.58,20.6,10.3,36.9,muskmelon,97.2
127.0,124.0,175.0,13.2,89.2,3.98,252.9,2.1,29.8,orange,27.9
26.0,84.0,53.0,28.4,100,7.26,10,3.9,90,papaya,58.0
139.0,132.0,5,41.8,100,4.34,272.5,11.1,55.5,orange,32.9
48.0,58.0,22.0,30.0,67.8,7.18,58.3,11.1,43.1,blackgram,95.5
24.0,94.0,17.0,24.9,39.9,4.29,164.5,12.5,58.5,kidneybeans,56.3
100.0,89.0,63.0,26.9,82.5,5.79,135.1,6.8,21.3,banana,88.9
5.0,39.0,16.0,26.4,66.6,6.48,91.4,15.3,72.7,mango,61.8
21.0,13.0,25.0,26.8,95.6,5.61,183.9,11.6,42.3,coconut,96.4
21.0,48.0,20.0,28.6,52.6,6.89,49.0,2,44.8,mothbeans,95.4
16.0,74.0,7.0,17.7,20.5,5.68,103.5,17.3,42.2,kidneybeans,85.6
89.0,76.0,51.0,27.1,82.3,6.25,77.7,7.8,48.1,banana,94.7
20.0,37.0,38.0,26.4,29.2,6.88,141.0,2,71.2,mango,70.4
129.0,9.0,180.0,8,99.1,4.31,275.6,21.3,39.7,maize,28.3
19.0,46.0,21.0,28.9,85.5,6.72,52.8,7.5,51.6,mungbean,92.8
118.0,5,205,8,17.1,8.21,295.7,10.4,90,pomegranate,19.9
17.0,19.0,26.0,29.2,94.0,5.78,198.4,8.0,59.6,coconut,97.3
0,33.0,50.0,25.9,71.8,7.38,175.3,2.3,56.1,mango,32.8
34.0,36.0,10.0,33.3,24.2,4.29,247.6,18.4,34.5,pigeonpeas,38.3
0,145,190.0,42.0,98.9,3.82,276.8,12.5,51.6,coconut,31.1
17.0,72.0,22.0,24.4,59.9,6.69,51.8,17.5,25.6,lentil,96.6
128.0,8.0,194.0,9.6,100,8.7,10,10.1,53.1,watermelon,31.0
103.0,5,177.0,9.1,90.6,8.42,10,15.6,42.0,mango,20.4
15.0,21.0,17.0,34.7,81.7,4.64,261.8,9.0,44.2,coconut,48.3
25.0,21.0,10.0,29.2,100,5.77,55.1,14.6,63.1,orange,60.6
13.0,40.0,20.0,29.2,67.1,5.46,40.3,6.9,33.2,pigeonpeas,68.3
31.0,61.0,39.0,22.3,75.3,6.35,10,8.2,45.0,mothbeans,46.6
23.0,38.0,26.0,26.6,85.7,6.62,53.9,16.4,61.9,mungbean,89.4
51.0,16.0,34.0,29.2,100,6.41,66.5,12.3,35.2,rice,59.5
29.0,64.0,24.0,20.4,21.9,5.45,116.5,16.0,45.7,kidneybeans,95.3
61.0,36.0,65.0,25.9,100,7.44,252.4,10.9,60.2,papaya,56.1
102.0,21.0,5,31.7,81.5,6.76,162.6,2.9,58.0,maize,60.6
20.0,16.0,43.0,23.4,88.0,6.0,117.6,7.4,42.9,pomegranate,93.4
16.0,49.0,22.0,27.4,50.9,7.07,41.7,9.0,73.6,mothbeans,95.9
20.0,137.0,205,21.4,93.5,5.96,107.8,2,25.8,apple,96.7
140,31.0,5,29.5,95.8,7.45,128.7,21.6,64.7,cotton,63.5
127.0,7.0,5,37.2,96.1,8.82,31.3,17.2,52.8,cotton,39.6
75.0,57.0,45.0,24.1,87.8,6.39,246.9,13.5,46.7,rice,98
32.0,5,157.0,8,16.5,4.09,10,9.5,72.4,grapes,37.1
140,34.0,31.0,11.1,95.9,4.17,263.9,8.4,56.5,maize,45.0
140,5,26.0,12.1,100,3.91,10,9.6,62.1,blackgram,31.8
